Project Code,Station ID,Sample ID,First Trigger Date,Collection_Date,Sample Type New,Collection Method,Depth,Depth Unit,Matrix,Test Number,Test Name,Storet Code,Method,Measure Date,Value,Sigfig Value,Uncertainty,MDL,PQL,RDL,Units,Remark Code,Flag,Receive Date,LIMS Number,Collection Agency,Source,Owner,Validation Level,Validator,Sampling Purpose,Data Investigation,T Depth,Upper Depth,Lower Depth,DCS(METERS),Filtration Date,Sample Type,QC Type,Discharge,Up/Down Stream,Weather Code,Program Type,NDEC,Sample Comments,Result Comments
EVER,TSB,6,,10/29/1985 12:20,SAMP,G,0,,SW,25,"PHOSPHATE, TOTAL AS P",,,,0.006,0.006,,,,,mg/L,,,,85006681,,WMD,WMD,,,,,,,,,,0,,1,0,2,MON,3,,
EVER,TSB,12,,11/26/1985 13:00,SAMP,G,0,,SW,25,"PHOSPHATE, TOTAL AS P",,,,0.006,0.006,,,,,mg/L,,,,85007164,,WMD,WMD,,,,,,,,,,0,,1,0,1,MON,3,,
EVER,TSB,18,,12/17/1985 11:30,SAMP,G,0,,SW,25,"PHOSPHATE, TOTAL AS P",,,,0.005,0.005,,,,,mg/L,,,,85007573,,WMD,WMD,,,,,,,,,,0,,1,0,4,MON,3,,
EVER,TSB,24,,1/21/1986 11:35,SAMP,G,0,,SW,25,"PHOSPHATE, TOTAL AS P",,,,-0.004,-0.004,,,,,mg/L,,,,86000369,,WMD,WMD,,,,,,,,,,0,,2,0,1,MON,3,,
EVER,TSB,30,,3/4/1986 11:50,SAMP,G,0,,SW,25,"PHOSPHATE, TOTAL AS P",,,,0.022,0.022,,,,,mg/L,,,,86001023,,WMD,WMD,,,,,,,,,,0,,2,0,1,MON,3,,
EVER,TSB,35,,4/1/1986 13:00,SAMP,G,0,,SW,25,"PHOSPHATE, TOTAL AS P",,,,-0.004,-0.004,,,,,mg/L,,,,86001544,,WMD,WMD,,,,,,,,,,0,,1,0,2,MON,3,,
EVER,TSB,40,,4/29/1986 12:15,SAMP,G,0,,SW,25,"PHOSPHATE, TOTAL AS P",,,,0.019,0.019,,,,,mg/L,,,,86002076,,WMD,WMD,,,,,,,,,,0,,1,0,0,MON,3,,
EVER,TSB,45,,5/27/1986 12:30,SAMP,G,0,,SW,25,"PHOSPHATE, TOTAL AS P",,,,0.053,0.053,,,,,mg/L,,,,86002773,,WMD,WMD,,,,,,,,,,0,,0,0,3,MON,3,,
EVER,TSB,53,,6/9/1986 12:00,SAMP,G,0,,SW,25,"PHOSPHATE, TOTAL AS P",,,,0.013,0.013,,,,,mg/L,,,,86003048,,WMD,WMD,,,,,,,,,,0,,1,0,3,MON,3,,
EVER,TSB,61,,7/25/1986 12:00,SAMP,G,0,,SW,25,"PHOSPHATE, TOTAL AS P",,,,0.007,0.007,,,,,mg/L,,,,86004264,,WMD,WMD,,,,,,,,,,0,,1,0,3,MON,3,,
EVER,TSB,69,,8/18/1986 12:30,SAMP,G,0,,SW,25,"PHOSPHATE, TOTAL AS P",,,,0.039,0.039,,,,,mg/L,,,,86004883,,WMD,WMD,,,,,,,,,,0,,1,0,4,MON,3,,
EVER,TSB,77,,9/15/1986 12:30,SAMP,G,0,,SW,25,"PHOSPHATE, TOTAL AS P",,,,-0.004,-0.004,,,,,mg/L,,,,86005622,,WMD,WMD,,,,,,,,,,0,,1,0,2,MON,3,,
EVER,TSB,86,,10/27/1986 13:00,SAMP,G,0,,SW,25,"PHOSPHATE, TOTAL AS P",,,,0.033,0.033,,,,,mg/L,,,,86006762,,WMD,WMD,,,,,,,,,,0,,1,0,2,MON,3,,
EVER,TSB,95,,11/19/1986 12:40,SAMP,G,0,,SW,25,"PHOSPHATE, TOTAL AS P",,,,0.007,0.007,,,,,mg/L,,,,86007565,,WMD,WMD,,,,,,,,,,0,,1,0,2,MON,3,,
EVER,TSB,104,,12/30/1986 13:30,SAMP,G,0,,SW,25,"PHOSPHATE, TOTAL AS P",,,,0.005,0.005,,,,,mg/L,,,,87000023,,WMD,WMD,,,,,,,,,,0,,1,0,2,MON,3,,
EVER,TSB,113,,1/26/1987 12:45,SAMP,G,0,,SW,25,"PHOSPHATE, TOTAL AS P",,,,0.009,0.009,,,,,mg/L,,,,87000554,,WMD,WMD,,,,,,,,,,0,,1,0,2,MON,3,,
EVER,TSB,122,,2/9/1987 13:30,SAMP,G,0,,SW,25,"PHOSPHATE, TOTAL AS P",,,,0.006,0.006,,,,,mg/L,,,,87000872,,WMD,WMD,,,,,,,,,,0,,1,0,1,MON,3,,
EVER,TSB,131,,3/9/1987 13:30,SAMP,G,0,,SW,25,"PHOSPHATE, TOTAL AS P",,,,0.014,0.014,,,,,mg/L,,,,87001415,,WMD,WMD,,,,,,,,,,0,,1,0,4,MON,3,,
EVER,TSB,140,,4/6/1987 10:30,SAMP,G,0,,SW,25,"PHOSPHATE, TOTAL AS P",,,,0.009,0.009,,,,,mg/L,,,,87002013,,WMD,WMD,,,,,,,,,,0,,2,0,1,MON,3,,
EVER,TSB,149,,5/18/1987 12:10,SAMP,G,0,,SW,25,"PHOSPHATE, TOTAL AS P",,,,0.013,0.013,,,,,mg/L,,,,87003294,,WMD,WMD,,,,,,,,,,0,,1,0,3,MON,3,,
EVER,TSB,158,,6/15/1987 14:10,SAMP,G,0,,SW,25,"PHOSPHATE, TOTAL AS P",,,,0.018,0.018,,,,,mg/L,,,,87004095,,WMD,WMD,,,,,,,,,,0,,1,0,3,MON,3,,
EVER,TSB,167,,7/27/1987 13:30,SAMP,G,0,,SW,25,"PHOSPHATE, TOTAL AS P",,,,0.011,0.011,,,,,mg/L,,,,87005341,,WMD,WMD,,,,,,,,,,0,,1,0,3,MON,3,,
EVER,TSB,176,,8/24/1987 13:30,SAMP,G,0,,SW,25,"PHOSPHATE, TOTAL AS P",,,,-0.004,-0.004,,,,,mg/L,,,,87006122,,WMD,WMD,,,,,,,,,,0,,1,0,4,MON,3,,
EVER,TSB,185,,9/21/1987 13:30,SAMP,G,0,,SW,25,"PHOSPHATE, TOTAL AS P",,,,0.004,0.004,,,,,mg/L,,,,87006776,,WMD,WMD,,,,,,,,,,0,,1,0,1,MON,3,,
EVER,TSB,194,,10/19/1987 14:07,SAMP,G,0,,SW,25,"PHOSPHATE, TOTAL AS P",,,,0.01,0.01,,,,,mg/L,,,,87007804,,WMD,WMD,,,,,,,,,,0,,1,0,3,MON,3,,
EVER,TSB,203,,11/16/1987 13:20,SAMP,G,0,,SW,25,"PHOSPHATE, TOTAL AS P",,,,0.009,0.009,,,,,mg/L,,,,87008596,,WMD,WMD,,,,,,,,,,0,,1,0,3,MON,3,,
EVER,TSB,212,,12/14/1987 13:20,SAMP,G,0,,SW,25,"PHOSPHATE, TOTAL AS P",,,,0.006,0.006,,,,,mg/L,,,,87009537,,WMD,WMD,,,,,,,,,,0,,1,0,2,MON,3,,
EVER,TSB,221,,1/11/1988 15:30,SAMP,G,0,,SW,25,"PHOSPHATE, TOTAL AS P",,,,0.005,0.005,,,,,mg/L,,,,88000377,,WMD,WMD,,,,,,,,,,0,,1,0,2,MON,3,,
EVER,TSB,230,,2/16/1988 11:50,SAMP,G,0,,SW,25,"PHOSPHATE, TOTAL AS P",,,,0.015,0.015,,,,,mg/L,,,,88001604,,WMD,WMD,,,,,,,,,,0,,1,0,1,MON,3,,
EVER,TSB,239,,3/7/1988 14:40,SAMP,G,0,,SW,25,"PHOSPHATE, TOTAL AS P",,,,0.042,0.042,,,,,mg/L,,,,88002272,,WMD,WMD,,,,,,,,,,0,,1,0,4,MON,3,,
EVER,TSB,248,,4/4/1988 11:45,SAMP,G,0,,SW,25,"PHOSPHATE, TOTAL AS P",,,,0.041,0.041,,,,,mg/L,,,,88003484,,WMD,WMD,,,,,,,,,,0,,1,0,3,MON,3,,
EVER,TSB,257,,5/2/1988 0:00,SAMP,G,0,,SW,25,"PHOSPHATE, TOTAL AS P",,,,0.017,0.017,,,,,mg/L,,,,88004777,,WMD,WMD,,,,,,,,,,0,,1,0,3,MON,3,,
EVER,TSB,266,,6/14/1988 11:50,SAMP,G,0,,SW,25,"PHOSPHATE, TOTAL AS P",,,,0.009,0.009,,,,,mg/L,,,,88006686,,WMD,WMD,,,,,,,,,,0,,1,0,4,MON,3,,
EVER,TSB,275,,7/11/1988 13:30,SAMP,G,0,,SW,25,"PHOSPHATE, TOTAL AS P",,,,-0.001,-0.001,,,,,mg/L,,,,88008308,,WMD,WMD,,,,,,,,,,0,,1,0,3,MON,3,,
EVER,TSB,284,,8/8/1988 12:00,SAMP,G,0,,SW,25,"PHOSPHATE, TOTAL AS P",,,,0.006,0.006,,,,,mg/L,,,,88009726,,WMD,WMD,,,,,,,,,,0,,1,0,4,MON,3,,
EVER,TSB,293,,9/19/1988 13:45,SAMP,G,0,,SW,25,"PHOSPHATE, TOTAL AS P",,,,0.008,0.008,,,,,mg/L,,,,88012219,,WMD,WMD,,,,,,,,,,0,,1,0,3,MON,3,,
EVER,TSB,302,,10/17/1988 13:25,SAMP,G,0,,SW,25,"PHOSPHATE, TOTAL AS P",,,,0.038,0.038,,,,,mg/L,,,,88013715,,WMD,WMD,,,,,,,,,,0,,1,0,1,MON,3,,
EVER,TSB,311,,11/14/1988 13:15,SAMP,G,0,,SW,25,"PHOSPHATE, TOTAL AS P",,,,0.013,0.013,,,,,mg/L,,,,88014764,,WMD,WMD,,,,,,,,,,0,,1,0,3,MON,3,,
EVER,TSB,320,,12/12/1988 13:35,SAMP,G,0,,SW,25,"PHOSPHATE, TOTAL AS P",,,,0.018,0.018,,,,,mg/L,,,,88015873,,WMD,WMD,,,,,,,,,,0,,1,0,4,MON,3,,
EVER,TSB,329,,1/9/1989 13:55,SAMP,G,0,,SW,25,"PHOSPHATE, TOTAL AS P",,,,0.079,0.079,,,,,mg/L,,,,89000470,,WMD,WMD,,,,,,,,,,0,,1,0,2,MON,3,,
EVER,TSB,338,,2/6/1989 13:00,SAMP,G,0,,SW,25,"PHOSPHATE, TOTAL AS P",,,,0.08,0.08,,,,,mg/L,,,,89001538,,WMD,WMD,,,,,,,,,,0,,1,0,3,MON,3,,
EVER,TSB,347,,3/6/1989 11:25,SAMP,G,0,,SW,25,"PHOSPHATE, TOTAL AS P",,,,0.133,0.133,,,,,mg/L,,,,89002522,,WMD,WMD,,,,,,,,,,0,,2,0,4,MON,3,,
EVER,TSB,356,,7/24/1989 15:20,SAMP,G,0,,SW,25,"PHOSPHATE, TOTAL AS P",,,,-0.004,-0.004,,,,,mg/L,,,,89007450,,WMD,WMD,,,,,,,,,,0,,1,0,4,MON,3,,
EVER,TSB,374,,9/18/1989 13:45,SAMP,G,0,,SW,25,"PHOSPHATE, TOTAL AS P",,,,-0.004,-0.004,,,,,mg/L,,,,89009732,,WMD,WMD,,,,,,,,,,0,,1,0,2,MON,3,,
EVER,TSB,383,,10/30/1989 9:20,SAMP,G,0,,SW,25,"PHOSPHATE, TOTAL AS P",,,,-0.004,-0.004,,,,,mg/L,,,,89012118,,WMD,WMD,,,,,,,,,,0,,1,0,3,MON,3,,
EVER,TSB,390,,11/13/1989 14:10,SAMP,G,0,,SW,25,"PHOSPHATE, TOTAL AS P",,,,0.015,0.015,,,,,mg/L,,,,89012712,,WMD,WMD,,,,,,,,,,0,,1,0,3,MON,3,,
EVER,TSB,397,,9/4/1990 13:30,SAMP,G,0,,SW,25,"PHOSPHATE, TOTAL AS P",,,,-0.004,-0.004,,,,,mg/L,,,,90009397,,WMD,WMD,,,,,,,,,,0,,1,0,2,MON,3,,
EVER,TSB,406,,10/1/1990 12:08,SAMP,G,0,,SW,25,"PHOSPHATE, TOTAL AS P",,,,-0.004,-0.004,,,,,mg/L,,,,90010907,,WMD,WMD,,,,,,,,,,0,,1,0,3,MON,3,,
EVER,TSB,415,,11/13/1990 11:54,SAMP,G,0,,SW,25,"PHOSPHATE, TOTAL AS P",,,,0.001,0.001,,,,,mg/L,,,,90013487,,WMD,WMD,,,,,,,,,,0,,1,0,2,MON,3,,
EVER,TSB,422,,12/10/1990 13:31,SAMP,G,0,,SW,25,"PHOSPHATE, TOTAL AS P",,,,0.025,0.025,,,,,mg/L,,,,90014566,,WMD,WMD,,,,,,,,,,0,,1,0,2,MON,3,,
EVER,TSB,436,,7/8/1991 13:20,SAMP,G,0,,SW,25,"PHOSPHATE, TOTAL AS P",,,,0.004,0.004,,,,,mg/L,,,,91010692,,WMD,WMD,,,,,,,,,,0,,1,0,4,MON,3,,
EVER,TSB,445,,8/5/1991 10:59,SAMP,G,0,,SW,25,"PHOSPHATE, TOTAL AS P",,,,-0.004,-0.004,,,,,mg/L,,,,91012331,,WMD,WMD,,,,,,,,,,0,,1,0,4,MON,3,,
EVER,TSB,457,,9/16/1991 11:30,SAMP,G,0,,SW,25,"PHOSPHATE, TOTAL AS P",,,,0.009,0.009,,,,,mg/L,,,,91014537,,WMD,WMD,,,,,,,,,,0,,1,0,4,MON,3,,
EVER,TSB,470,,10/15/1991 10:40,SAMP,G,0,,SW,25,"PHOSPHATE, TOTAL AS P",,,,0.006,0.006,,,,,mg/L,,,,91016055,,WMD,WMD,,,,,,,,,,0,,1,0,5,MON,3,,
EVER,TSB,481,,11/12/1991 14:01,SAMP,G,0,,SW,25,"PHOSPHATE, TOTAL AS P",,,,-0.004,-0.004,,,,,mg/L,,,,91017272,,WMD,WMD,,,,,,,,,,0,,1,0,1,MON,3,,
EVER,TSB,492,,12/9/1991 13:38,SAMP,G,0,,SW,25,"PHOSPHATE, TOTAL AS P",,,,0.027,0.027,,,,,mg/L,,,,91018125,,WMD,WMD,,,,,,,,,,0,,1,0,3,MON,3,,
EVER,TSB,503,,1/7/1992 0:00,SAMP,G,0,,SW,25,"PHOSPHATE, TOTAL AS P",,,,0.005,0.005,,,,,mg/L,,,,92000482,,WMD,WMD,,,,,,,,,,0,,1,0,4,MON,3,,
EVER,TSB,512,,2/3/1992 13:10,SAMP,G,0,,SW,25,"PHOSPHATE, TOTAL AS P",,,,0.01,0.01,,,,,mg/L,,,,92002233,,WMD,WMD,,,,,,,,,,0,,1,0,3,MON,3,,
EVER,TSB,519,,3/2/1992 13:40,SAMP,G,0,,SW,25,"PHOSPHATE, TOTAL AS P",,,,0.009,0.009,,,,,mg/L,,,,92003501,,WMD,WMD,,,,,,,,,,0,,1,0,3,MON,3,,
EVER,TSB,527,,4/13/1992 13:00,SAMP,G,0,,SW,25,"PHOSPHATE, TOTAL AS P",,,,0.012,0.012,,,,,mg/L,,,,92005482,,WMD,WMD,,,,,,,,,,0,,1,0,1,MON,3,,
EVER,TSB,538,,7/6/1992 12:18,SAMP,G,0,,SW,25,"PHOSPHATE, TOTAL AS P",,,,0.006,0.006,,,,,mg/L,,,,92010302,,WMD,WMD,,,,,,,,,,0,,1,0,2,MON,3,7 DROPS HNO3 & H2SO4,
EVER,TSB,549,,8/3/1992 13:30,SAMP,G,0,,SW,25,"PHOSPHATE, TOTAL AS P",,,,0.007,0.007,,,,,mg/L,,,,92012315,,WMD,WMD,,,,,,,,,,0,,1,0,2,MON,3,,
EVER,TSB,563,,8/28/1992 0:00,SAMP,G,0,,SW,25,"PHOSPHATE, TOTAL AS P",,,,-0.004,-0.004,,,,,mg/L,,,,92013619,,WMD,WMD,,,,,,,,,,0,,0,0,0,MON,3,,
EVER,TSB,574,,9/17/1992 13:59,SAMP,G,0,,SW,25,"PHOSPHATE, TOTAL AS P",,,,0.007,0.007,,,,,mg/L,,,,92014810,,WMD,WMD,,,,,,,,,,0,,1,0,2,MON,3,,
EVER,TSB,585,,9/28/1992 13:42,SAMP,G,0,,SW,25,"PHOSPHATE, TOTAL AS P",,,,-0.004,-0.004,,,,,mg/L,,,,92015590,,WMD,WMD,,,,,,,,,,0,,1,0,3,MON,3,,
EVER,TSB,609,,11/9/1992 15:11,SAMP,G,0,,SW,25,"PHOSPHATE, TOTAL AS P",,,,-0.004,-0.004,,,,,mg/L,,,,L154-11,,WMD,WMD,,,,,,,,,,0,,1,0,3,MON,3,,
EVER,TSB,621,,12/7/1992 13:50,SAMP,G,0,,SW,25,"PHOSPHATE, TOTAL AS P",,,,-0.004,-0.004,,,,,mg/L,,,,L260-11,,WMD,WMD,,,,,,,,,,0,,1,0,1,MON,3,,
EVER,TSB,633,,1/5/1993 15:21,SAMP,G,0,,SW,25,"PHOSPHATE, TOTAL AS P",,,,0.009,0.009,,,,,mg/L,,,,L358-11,,WMD,WMD,,,,,,,,,,0,,1,0,5,MON,3,,
EVER,TSB,645,,2/1/1993 13:55,SAMP,G,0,,SW,25,"PHOSPHATE, TOTAL AS P",,,,0.004,0.004,,,,,mg/L,,,,L470-11,,WMD,WMD,,,,,,,,,,0,,1,0,1,MON,3,,
EVER,TSB,659,,3/1/1993 15:56,SAMP,G,0,,SW,25,"PHOSPHATE, TOTAL AS P",,,,0.004,0.004,,,,,mg/L,,,,L600-13,,WMD,WMD,,,,,,,,,,0,,1,0,1,MON,3,,
EVER,TSB,669,,4/12/1993 14:10,SAMP,G,0,,SW,25,"PHOSPHATE, TOTAL AS P",,,,-0.004,-0.004,,,,,mg/L,,,,L776-10,,WMD,WMD,,,,,,,,,,0,,0,0,0,MON,3,,
EVER,TSB,685,,5/10/1993 13:56,SAMP,G,0,,SW,25,"PHOSPHATE, TOTAL AS P",,,,0.005,0.005,,,,,mg/L,,,,L889-13,,WMD,WMD,,,,,,,,,,0,,1,0,1,MON,3,,
EVER,TSB,698,,6/7/1993 15:54,SAMP,G,0,,SW,25,"PHOSPHATE, TOTAL AS P",,,,0.004,0.004,,,,,mg/L,,,,L1001-13,,WMD,WMD,,,,,,,,,,0,,1,0,1,MON,3,,
EVER,TSB,711,,7/6/1993 14:00,SAMP,G,0,,SW,25,"PHOSPHATE, TOTAL AS P",,,,0.005,0.005,,,,,mg/L,,,,L1105-13,,WMD,WMD,,,,,,,,,,0,,1,0,2,MON,3,,
EVER,TSB,721,,8/16/1993 14:08,SAMP,G,0,,SW,25,"PHOSPHATE, TOTAL AS P",,,,0.004,0.004,,,,,mg/L,,,,L1271-10,,WMD,WMD,,,,,,,,,,0,,1,0,1,MON,3,,
EVER,TSB,737,,9/28/1993 14:25,SAMP,G,0,,SW,25,"PHOSPHATE, TOTAL AS P",,,,0.008,0.008,,,,,mg/L,,,,L1440-13,,WMD,WMD,,,,,,,,,,0,,1,0,4,MON,3,,
EVER,TSB,750,,10/12/1993 13:13,SAMP,UNK,0,,RA,25,"PHOSPHATE, TOTAL AS P",,,,-0.004,-0.004,,,,,mg/L,,,,L1503-13,,WMD,WMD,,,,,,,,,,1,,1,0,0,MON,3,,
EVER,TSB,760,,11/8/1993 14:22,SAMP,G,0,,SW,25,"PHOSPHATE, TOTAL AS P",,,,0.005,0.005,,,,,mg/L,,,,L1642-10,,WMD,WMD,,,,,,,,,,0,,1,0,1,MON,3,,
EVER,TSB,776,,12/6/1993 16:17,SAMP,G,0,,SW,25,"PHOSPHATE, TOTAL AS P",,,,-0.004,-0.004,,,,,mg/L,,,,L1758-13,,WMD,WMD,,,,,,,,,,0,,1,0,1,MON,3,,
EVER,TSB,789,,1/10/1994 15:37,SAMP,G,0,,SW,25,"PHOSPHATE, TOTAL AS P",,,,0.004,0.004,,,,,mg/L,,,,L1902-13,,WMD,WMD,,,,,,,,,,0,,1,0,6,MON,3,,
EVER,TSB,802,,2/7/1994 15:21,SAMP,G,0,,SW,25,"PHOSPHATE, TOTAL AS P",,,,0.004,0.004,,,,,mg/L,,,,L2026-13,,WMD,WMD,,,,,,,,,,0,,1,0,1,MON,3,,
EVER,TSB,812,,3/7/1994 15:32,SAMP,G,0,,SW,25,"PHOSPHATE, TOTAL AS P",,,,0.006,0.006,,,,,mg/L,,,,L2154-10,,WMD,WMD,,,,,,,,,,0,,1,0,1,MON,3,PH VALUE QUESTIONABLE FOR SAMPLES W,
EVER,TSB,828,,4/11/1994 14:17,SAMP,G,0,,SW,25,"PHOSPHATE, TOTAL AS P",,,,0.01,0.01,,,,,mg/L,,,,L2328-13,,WMD,WMD,,,,,,,,,,0,,1,0,2,MON,3,,
EVER,TSB,841,,5/9/1994 15:19,SAMP,G,0,,SW,25,"PHOSPHATE, TOTAL AS P",,,,0.005,0.005,,,,,mg/L,,,,L2493-13,,WMD,WMD,,,,,,,,,,0,,1,0,2,MON,3,,
EVER,TSB,854,,6/6/1994 14:48,SAMP,G,0,,SW,25,"PHOSPHATE, TOTAL AS P",,,,0.009,0.009,,,,,mg/L,,,,L2625-13,,WMD,WMD,,,,,,,,,,0,,1,0,4,MON,3,,
EVER,TSB,864,,7/11/1994 13:47,SAMP,G,0,,SW,25,"PHOSPHATE, TOTAL AS P",,,,0.011,0.011,,,,,mg/L,,,,L2808-10,,WMD,WMD,,,,,,,,,,0,,1,0,3,MON,3,PH VALUE QUESTIONABLE,
EVER,TSB,880,,8/9/1994 14:37,SAMP,G,0,,SW,25,"PHOSPHATE, TOTAL AS P",,,,0.005,0.005,,,,,mg/L,,,,L2959-13,,WMD,WMD,,,,,,,,,,0,,1,0,6,MON,3,,
EVER,TSB,893,,9/12/1994 13:48,SAMP,G,0,,SW,25,"PHOSPHATE, TOTAL AS P",,,,0.006,0.006,,,,,mg/L,,,,L3124-13,,WMD,WMD,,,,,,,,,,0,,1,0,3,MON,3,,
EVER,TSB,906,,10/3/1994 14:43,SAMP,G,0,,SW,25,"PHOSPHATE, TOTAL AS P",,,,-0.004,-0.004,,,,,mg/L,,,,L3256-13,,WMD,WMD,,,,,,,,,,0,,1,0,2,MON,3,,
EVER,TSB,916,,11/7/1994 15:16,SAMP,G,0,,SW,25,"PHOSPHATE, TOTAL AS P",,,,-0.004,-0.004,,,,,mg/L,,,,L3416-10,,WMD,WMD,,,,,,,,,,0,,1,0,1,MON,3,,
EVER,TSB,932,,12/12/1994 15:08,SAMP,G,0,,SW,25,"PHOSPHATE, TOTAL AS P",,,,-0.004,-0.004,,,,,mg/L,,,,L3574-13,,WMD,WMD,,,,,,,,,,0,,1,0,1,MON,3,,
EVER,TSB,945,,1/23/1995 14:54,SAMP,G,0,,SW,25,"PHOSPHATE, TOTAL AS P",,,,0.006,0.006,,,,,mg/L,,,,L3744-13,,WMD,WMD,,,,,,,,,,0,,0,0,0,MON,3,,
EVER,TSB,947,,2/6/1995 7:25,SAMP,G,0,,SW,25,"PHOSPHATE, TOTAL AS P",,,,0.02,0.02,,,,,mg/L,J3,yes,,,,PBSJ,WMD,,,,CA,,,,,,0,,0,0,0,MON,3,,
EVER,TSB,971,,3/6/1995 15:14,SAMP,G,0,,SW,25,"PHOSPHATE, TOTAL AS P",,,,-0.004,-0.004,,,,,mg/L,,,,L3900-13,,WMD,WMD,,,,,,,,,,0,,1,0,2,MON,3,,
EVER,TSB,984,,4/3/1995 15:15,SAMP,G,0,,SW,25,"PHOSPHATE, TOTAL AS P",,,,0.014,0.014,,,,,mg/L,,,,L4024-13,,WMD,WMD,,,,,,,,,,0,,1,0,1,MON,3,,
EVER,TSB,995,,5/1/1995 13:30,SAMP,G,0,,SW,25,"PHOSPHATE, TOTAL AS P",,,,0.006,0.006,,,,,mg/L,,,,L4142-11,,WMD,WMD,,,,,,,,,,0,,1,0,1,MON,3,,
EVER,TSB,1018,,7/10/1995 14:58,SAMP,G,0,,SW,25,"PHOSPHATE, TOTAL AS P",,,,-0.004,-0.004,,,,,mg/L,,,,L4456-10,,WMD,WMD,,,,,,,,,,0,,1,0,2,MON,3,,
EVER,TSB,1034,,8/7/1995 14:10,SAMP,G,0,,SW,25,"PHOSPHATE, TOTAL AS P",,,,-0.004,-0.004,,,,,mg/L,,,,L4599-13,,WMD,WMD,,,,,,,,,,0,,1,0,1,MON,3,,
EVER,TSB,1047,,9/11/1995 15:40,SAMP,G,0,,SW,25,"PHOSPHATE, TOTAL AS P",,,,-0.004,-0.004,,,,,mg/L,,,,L4768-13,,WMD,WMD,,,,,,,,,,0,,1,0,5,MON,3,,
EVER,TSB,1052,,10/3/1995 9:30,SAMP,G,0,,SW,25,"PHOSPHATE, TOTAL AS P",,,,0.009,0.009,,,,,mg/L,,,,L4892-5,,WMD,WMD,,,,,,,,,,0,,0,0,0,MON,3,,
EVER,TSB,1062,,11/7/1995 10:02,SAMP,G,0,,SW,25,"PHOSPHATE, TOTAL AS P",,,,-0.004,-0.004,,,,,mg/L,,,,L5072-2,,WMD,WMD,,,,,,,,,,0,,1,0,1,MON,3,,
EVER,TSB,1082,,12/5/1995 15:30,SAMP,G,0,,SW,25,"PHOSPHATE, TOTAL AS P",,,,-0.004,-0.004,,,,,mg/L,,,,L5200-8,,WMD,WMD,,,,,,,,,,0,,0,0,0,MON,3,"SAMPLE COLLECTED BY TRUCK, HYDROLAB READINGS COMPLETED LATER",
EVER,TSB,1101,,1/8/1996 17:20,SAMP,G,0,,SW,25,"PHOSPHATE, TOTAL AS P",,,,-0.004,-0.004,,,,,mg/L,,,,L5341-13,,WMD,WMD,,,,,,,,,,0,,0,0,0,MON,3,,
EVER,TSB,1103,,2/12/1996 11:25,SAMP,G,0,,SW,25,"PHOSPHATE, TOTAL AS P",,,,0.011,0.011,,,,,mg/L,,,,L5504-2,,WMD,WMD,,,,,,,,,,0,,1,0,1,MON,3,,
EVER,TSB,1127,,3/18/1996 16:15,SAMP,G,0,,SW,25,"PHOSPHATE, TOTAL AS P",,,,0.011,0.011,,,,,mg/L,,,,L5673-13,,WMD,WMD,,,,,,,,,,0,,1,0,1,MON,3,,
EVER,TSB,1139,,4/2/1996 15:05,SAMP,G,0,,SW,25,"PHOSPHATE, TOTAL AS P",,,,0.037,0.037,,,,,mg/L,,,,L5750-12,,WMD,WMD,,,,,,,,,,0,,1,0,1,MON,3,,
EVER,TSB,1147,,5/6/1996 14:00,SAMP,G,0,,SW,25,"PHOSPHATE, TOTAL AS P",,,,0.009,0.009,,,,,mg/L,,,,L5935-8,,WMD,WMD,,,,,,,,,,0,,1,2,0,MON,3,,
EVER,TSB,1159,,6/3/1996 16:00,SAMP,G,0,,SW,25,"PHOSPHATE, TOTAL AS P",,,,0.011,0.011,,,,,mg/L,,,,L6095-11,,WMD,WMD,,,,,,,,,,0,,1,1,6,MON,3,,
EVER,TSB,Z1156,,7/9/1996 10:05,SAMP,G,0,,SW,25,"PHOSPHATE, TOTAL AS P",,,,-0.004,-0.004,,,,,mg/L,,,,L6312-8,,WMD,WMD,,,,,,,,,,0,,0,0,0,MON,3,,
EVER,TSB,1175,,8/6/1996 11:20,SAMP,G,0,,SW,25,"PHOSPHATE, TOTAL AS P",,,,0.012,0.012,,,,,mg/L,,,,L6471-13,,WMD,WMD,,,,,,,,,,0,,1,0,1,MON,3,,
EVER,TSB,1188,,9/10/1996 11:45,SAMP,G,0,,SW,25,"PHOSPHATE, TOTAL AS P",,,,0.004,0.004,,,,,mg/L,,,,L6673-13,,WMD,WMD,,,,,,,,,,0,,1,0,3,MON,3,,
EVER,TSB,1201,,10/15/1996 15:00,SAMP,G,0,,SW,25,"PHOSPHATE, TOTAL AS P",,,,-0.004,-0.004,,,,,mg/L,,,,L6866-13,,WMD,WMD,,,,,,,,,,0,,1,0,5,MON,3,,
EVER,TSB,1203,,11/5/1996 8:10,SAMP,G,0,,SW,25,"PHOSPHATE, TOTAL AS P",,,,-0.004,-0.004,,,,,mg/L,,,,L6989-2,,WMD,WMD,,,,,,,,,,0,,1,0,1,MON,3,COLOR cancelled by lab - not enough sample available for ana,
EVER,TSB,1227,,12/3/1996 15:07,SAMP,G,0,,SW,25,"PHOSPHATE, TOTAL AS P",,,,0.016,0.016,,,,,mg/L,,,,L7142-13,,WMD,WMD,,,,,,,,,,0,,1,0,1,MON,3,GEORGE SCHARDT,
EVER,TSB,1277,,5/20/1997 7:48,SAMP,G,0,,SW,25,"PHOSPHATE, TOTAL AS P",,,,0.007,0.007,,,,,mg/L,J,J,,L8010-9,,WMD,WMD,,,,,,,,,,0,,1,0,1,MON,3,,possible TP Bias.
EVER,TSB,1279,,6/24/1997 7:28,SAMP,G,0,,SW,25,"PHOSPHATE, TOTAL AS P",,,,-0.004,-0.004,,,,,mg/L,,,,L8191-2,,WMD,WMD,,,,,,,,,,0,,1,0,2,MON,3,"NH4,NOX sent to HBOI for analysis.",
EVER,TSB,1292,,7/29/1997 8:05,SAMP,G,0,,SW,25,"PHOSPHATE, TOTAL AS P",,,,-0.004,-0.004,,,,,mg/L,,,,L8378-2,,WMD,WMD,,,,,,,,,,0,,0,0,0,MON,3,TKN cancelled by lab - not enough sample available for analy,
EVER,TSB,1305,,8/19/1997 6:59,SAMP,G,0,,SW,25,"PHOSPHATE, TOTAL AS P",,,,-0.004,-0.004,,,,,mg/L,,,,L8515-2,,WMD,WMD,,,,,,,,,,0,,1,0,1,MON,3,"NH4,NOX sent to PPB for analysis. CA,K,NA,MG sent to HB for",
EVER,TSB,1318,,9/16/1997 7:15,SAMP,G,0,,SW,25,"PHOSPHATE, TOTAL AS P",,,,-0.003,-0.003,,,,,mg/L,U,,,74894002,,HBEL,WMD,,,,,,,,,,0,,1,0,1,MON,3,,
EVER,TSB,1331,,10/7/1997 7:00,SAMP,G,0,,SW,25,"PHOSPHATE, TOTAL AS P",,,,0.011,0.011,,,,,mg/L,,,,L8819-2,,WMD,WMD,,,,,,,,,,0,,1,0,1,MON,3,"CA,K,MG,NA SENT TO HARBOR BRANCH LABORATORY.   time due to m",
EVER,TSB,1344,,11/4/1997 8:00,SAMP,G,0,,SW,25,"PHOSPHATE, TOTAL AS P",,,,0.006,0.006,,,,,mg/L,,,,L8979-2,,WMD,WMD,,,,,,,,,,0,,1,0,4,MON,3,"CA,K,MG,NA SENT TO HARBOR BRANCH LABORATORY.",
EVER,TSB,1357,,12/9/1997 9:12,SAMP,G,0,,SW,25,"PHOSPHATE, TOTAL AS P",,,,-0.004,-0.004,,,,,mg/L,,,,L9180-2,,WMD,WMD,,,,,,,,,,0,,1,0,1,MON,3,"CA,K,MG,NA SENT TO HARBOR LAB FOR ANALYSIS.",
EVER,TSB,1370,,1/6/1998 0:00,SAMP,G,0,,SW,25,"PHOSPHATE, TOTAL AS P",,,,-0.004,-0.004,,,,,mg/L,,,,L9328-2,,WMD,WMD,,,,,,,,,,0,,0,0,0,MON,3,conductivity probe not working,
EVER,TSB,1383,,2/3/1998 9:28,SAMP,G,0,,SW,25,"PHOSPHATE, TOTAL AS P",,,,0.005,0.005,,,,,mg/L,,,,L9481-2,,WMD,WMD,,,,,,,,,,0,,1,0,4,MON,3,,
EVER,TSB,1396,,3/17/1998 8:25,SAMP,G,0,,SW,25,"PHOSPHATE, TOTAL AS P",,,,-0.004,-0.004,,,,,mg/L,,,,L9750-2,,WMD,WMD,,,,,,,,,,0,,1,0,1,MON,3,,
EVER,TSB,1409,,4/14/1998 9:00,SAMP,G,0,,SW,25,"PHOSPHATE, TOTAL AS P",,,,0.005,0.005,,,,,mg/L,,,,L9931-2,,WMD,WMD,,,,,,,,,,0,,0,0,0,MON,3,,
EVER,TSB,1422,,5/12/1998 10:30,SAMP,G,0,,SW,25,"PHOSPHATE, TOTAL AS P",,,,-0.004,-0.004,,,,,mg/L,,,,L10089-2,,WMD,WMD,,,,,,,,,,0,,1,0,1,MON,3,,
EVER,TSB,1444,,6/9/1998 13:40,SAMP,G,0,,SW,25,"PHOSPHATE, TOTAL AS P",,,,0.005,0.005,,,,,mg/L,,,,L10273-11,,WMD,WMD,,,,,,,,,,0,,1,0,1,MON,3,,
EVER,TSB,1457,,7/21/1998 11:30,SAMP,UNK,0,,GW,25,"PHOSPHATE, TOTAL AS P",,,,0.006,0.006,,,,,mg/L,,,,L10526-11,,WMD,WMD,,,,,,,,,,2,,0,0,1,MON,3,,
EVER,TSB,1467,,8/17/1998 14:30,SAMP,G,0,,SW,25,"PHOSPHATE, TOTAL AS P",,,,0.004,0.004,,,,,mg/L,,,,L10696-8,,WMD,WMD,,,,,,,,,,0,,1,0,1,MON,3,,
EVER,TSB,1483,,9/15/1998 11:30,SAMP,G,0,,SW,25,"PHOSPHATE, TOTAL AS P",,,,0.006,0.006,,,,,mg/L,,,,L10885-11,,WMD,WMD,,,,,,,,,,0,,1,0,6,MON,3,,
EVER,TSB,1496,,10/19/1998 11:20,SAMP,G,0,,SW,25,"PHOSPHATE, TOTAL AS P",,,,0.004,0.004,,,,,mg/L,,,,L11092-11,,WMD,WMD,,,,,,,,,,0,,1,0,1,MON,3,,
EVER,TSB,1509,,11/9/1998 12:29,SAMP,G,0,,SW,25,"PHOSPHATE, TOTAL AS P",,,,0.007,0.007,,,,,mg/L,,,,L11232-11,,WMD,WMD,,,,,,,,,,0,,1,0,1,MON,3,,
EVER,TSB,1519,,12/8/1998 12:55,SAMP,G,0,,SW,25,"PHOSPHATE, TOTAL AS P",,,,0.004,0.004,,,,,mg/L,,,,L11417-8,,WMD,WMD,,,,,,,,,,0,,0,0,0,MON,3,"12/08/98, field data measured by ORION, DO units in mg/l,pre",
EVER,TSB,1535,,1/25/1999 12:40,SAMP,G,0,,SW,25,"PHOSPHATE, TOTAL AS P",,,,0.005,0.005,,,,,mg/L,,,,L11698-11,,WMD,WMD,,,,,,,,,,0,,1,0,1,MON,3,,
EVER,TSB,1548,,2/22/1999 13:20,SAMP,G,0,,SW,25,"PHOSPHATE, TOTAL AS P",,,,-0.004,-0.004,,,,,mg/L,,,,L11893-11,,WMD,WMD,,,,,,,,,,0,,1,0,1,MON,3,,
EVER,TSB,P1365-8,,6/22/1999 12:04,SAMP,G,0.12,,SW,25,"PHOSPHATE, TOTAL AS P",,,7/20/1999 17:34,-0.004,-0.004,,0.004,,0.004,mg/L,,,6/23/1999 0:00,L12627-8,,WMD,WMD,,,,,,,,,,0,,1,0,1,MON,3,,
EVER,TSB,P1593-8,,7/20/1999 12:42,SAMP,G,0.12,,SW,25,"PHOSPHATE, TOTAL AS P",,,8/12/1999 17:13,-0.004,-0.004,,0.004,,0.004,mg/L,,,7/21/1999 0:00,L12800-8,,WMD,WMD,,,,,,,,,,0,,1,0,1,MON,3,"samples were placed in wrong type of bottles , i.e. Hg in di",
EVER,TSB,P1747-8,,8/31/1999 12:45,SAMP,G,0.12,,SW,25,"PHOSPHATE, TOTAL AS P",,,9/2/1999 13:43,-0.004,-0.004,,0.004,,0.004,mg/L,,,9/1/1999 0:00,L13046-8,,WMD,WMD,,,,,,,,,,0,,1,0,1,MON,3,PRIORITY,
EVER,TSB,P2283-8,,9/27/1999 9:30,SAMP,G,0.13,,SW,25,"PHOSPHATE, TOTAL AS P",,,9/30/1999 17:57,0.004,0.004,,0.004,,0.004,mg/L,,,9/28/1999 0:00,L13199-8,,WMD,WMD,,,,,,,,,,0,,1,0,1,MON,3,NO HYDRO DATA...SAMPLE COLL ONLY,
EVER,TSB,P2410-8,,10/25/1999 14:30,SAMP,G,0.12,,SW,25,"PHOSPHATE, TOTAL AS P",,,11/5/1999 10:33,-0.004,-0.004,,0.004,,0.004,mg/L,,,10/26/1999 0:00,L13414-8,,WMD,WMD,,,,,,,,,,0,,1,1,0,MON,3,GOOD FLOW,
EVER,TSB,P2690-8,,11/9/1999 10:30,SAMP,G,0,,SW,25,"PHOSPHATE, TOTAL AS P",,,11/12/1999 15:53,0.006,0.006,,0.004,,0.004,mg/L,,,11/9/1999 0:00,L13508-8,,WMD,WMD,,,,,0,,,,,0,,1,0,1,MON,3,sample only no measurement taken see p2690-14,
EVER,TSB,P2966-8,,12/7/1999 9:40,SAMP,G,0,,SW,25,"PHOSPHATE, TOTAL AS P",,,12/9/1999 15:58,0.004,0.004,,0.004,,0.004,mg/L,,,12/8/1999 0:00,L13678-8,,WMD,WMD,,,,,0,,,,,0,,1,0,1,MON,3,sample only taken see P2966-14 for field measure,
EVER,TSB,P3168-8,,1/24/2000 8:10,SAMP,G,0.12,,SW,25,"PHOSPHATE, TOTAL AS P",,,2/3/2000 15:52,0.004,0.004,,0.004,,0.004,mg/L,,,1/25/2000 0:00,L13959-8,,WMD,WMD,,,,,,,,,,0,,1,0,3,MON,3,"ORIGINAL SITE INACCESSIBLE DUE TO CONSRTUCTION, USED STRUCTU",
EVER,TSB,P3709-8,,2/15/2000 8:07,SAMP,G,0.12,,SW,25,"PHOSPHATE, TOTAL AS P",,,2/17/2000 15:52,-0.004,-0.004,,0.004,,0.004,mg/L,,,2/16/2000 0:00,L14094-8,,WMD,WMD,,,,,,,,,,0,,1,0,4,MON,3,"tothg bottles recalled,new bottles not redelivered",
EVER,TSB,P4741-8,,6/13/2000 6:25,SAMP,G,0.12,,SW,25,"PHOSPHATE, TOTAL AS P",,,6/23/2000 20:50,0.006,0.006,,0.004,,0.004,mg/L,,,6/14/2000 0:00,L14930-8,,WMD,WMD,,,,,,,,,,0,,1,0,1,MON,3,"original site inaccesible due to new bridge construction,sam",
EVER,TSB,P4742-8,,7/18/2000 6:18,SAMP,G,0.12,,SW,25,"PHOSPHATE, TOTAL AS P",,,7/20/2000 17:19,0.005,0.005,,0.004,,0.004,mg/L,,,7/19/2000 0:00,L15165-8,,WMD,WMD,,,,,,,,,,0,,1,0,1,MON,3,,
EVER,TSB,P5029-8,,8/22/2000 7:52,SAMP,G,0.12,,SW,25,"PHOSPHATE, TOTAL AS P",665,SM4500PF,8/25/2000 0:00,0.004,0.004,,0.004,,0.004,mg/L,,,8/23/2000 0:00,L15409-8,,WMD,WMD,,,,,,,,,,0,,1,0,1,MON,3,processed 0820 = time on tag,
EVER,TSB,P5030-8,,9/26/2000 6:42,SAMP,G,0.12,,SW,25,"PHOSPHATE, TOTAL AS P",665,SM4500PF,10/11/2000 10:42,-0.004,-0.004,,0.004,,0.004,mg/L,U,,9/27/2000 0:00,L15658-8,,WMD,WMD,,,,,,,,,,0,,1,0,1,MON,3,,
EVER,TSB,P5031-8,,10/17/2000 6:36,SAMP,G,0.12,,SW,25,"PHOSPHATE, TOTAL AS P",665,SM4500PF,10/24/2000 12:05,-0.004,-0.004,,0.004,,0.004,mg/L,U,,10/18/2000 0:00,L15832-8,,WMD,WMD,,,,,,,,,,0,,1,0,1,MON,3,,
EVER,TSB,P6628-8,,11/14/2000 7:23,SAMP,G,0.12,,SW,25,"PHOSPHATE, TOTAL AS P",665,SM4500PF,11/20/2000 9:08,-0.004,-0.004,,0.004,,0.004,mg/L,U,,11/15/2000 0:00,L16027-8,,WMD,WMD,,,,,,,,,,0,,1,0,1,MON,3,site 15a 4x8 box culvert structure 20 about 800+- west of th,
EVER,TSB,P7842-8,,6/12/2001 12:45,SAMP,G,0.12,,SW,25,"PHOSPHATE, TOTAL AS P",665,SM4500PF,6/18/2001 8:46,0.008,0.008,,0.004,,0.004,mg/L,I,,6/13/2001 0:00,L17337-8,,WMD,WMD,,,,,,,,,,0,,2,0,1,MON,3,"0 to marginal flow, water clear",
EVER,TSB,P7843-8,,7/17/2001 15:05,SAMP,G,0.12,,SW,25,"PHOSPHATE, TOTAL AS P",665,SM4500PF,7/23/2001 11:44,0.011,0.011,,0.004,,0.004,mg/L,I,,7/18/2001 0:00,L17582-8,,WMD,WMD,,,,,,,,,,0,,1,0,2,MON,3,6 liter marginal flow,
EVER,TSB,P8917-8,,8/7/2001 6:30,SAMP,G,0.12,,SW,25,"PHOSPHATE, TOTAL AS P",665,SM4500PF,8/15/2001 7:51,-0.004,-0.004,,0.004,,0.004,mg/L,U,,8/8/2001 0:00,L17771-8,,WMD,WMD,,,,,,,,,,0,,1,1,1,MON,3,,
EVER,TSB,P8919-8,,9/18/2001 6:35,SAMP,G,0.12,,SW,25,"PHOSPHATE, TOTAL AS P",665,SM4500PF,9/24/2001 8:44,-0.004,-0.004,,0.004,,0.004,mg/L,U,,9/19/2001 0:00,L18083-8,,WMD,WMD,,,,,,,,,,0,,1,0,1,MON,3,,
EVER,TSB,P8920-8,,10/9/2001 7:02,SAMP,G,0.12,,SW,25,"PHOSPHATE, TOTAL AS P",665,SM4500PF,10/12/2001 11:39,-0.004,-0.004,,0.004,,0.004,mg/L,U,,10/10/2001 0:00,L18238-8,,WMD,WMD,,,,,,,,,,0,,1,0,1,MON,3,,
EVER,TSB,P8921-8,,11/20/2001 8:00,SAMP,G,0.12,,SW,25,"PHOSPHATE, TOTAL AS P",665,SM4500PF,11/28/2001 8:23,-0.004,-0.004,,0.004,,0.004,mg/L,U,,11/21/2001 0:00,L18524-8,,WMD,WMD,,,,,,,,,,0,,1,0,1,MON,3,Priority samples. Short holding times.,
EVER,TSB,P8922-8,,12/11/2001 7:50,SAMP,G,0.12,,SW,25,"PHOSPHATE, TOTAL AS P",665,SM4500PF,12/18/2001 9:17,-0.004,-0.004,,0.004,,0.004,mg/L,U,,12/12/2001 0:00,L18658-8,,WMD,WMD,,,,,,,,,,0,,1,0,1,MON,3,,
EVER,TSB,P10557-8,,1/16/2002 7:44,SAMP,G,0.12,,SW,25,"PHOSPHATE, TOTAL AS P",665,SM4500PF,1/22/2002 10:38,-0.004,-0.004,,0.004,,0.004,mg/L,U,,1/17/2002 0:00,L18854-8,,WMD,WMD,,,,,,,,,,0,,1,0,1,MON,3,,
EVER,TSB,P10558-8,,2/20/2002 7:55,SAMP,G,0.12,,SW,25,"PHOSPHATE, TOTAL AS P",665,SM4500PF,2/25/2002 13:57,0.005,0.005,,0.004,,0.004,mg/L,I,,2/21/2002 0:00,L19083-8,,WMD,WMD,,,,,,,,,,0,,1,0,1,MON,3,s side of bridge ( downstream side),
EVER,TSB,P10944-8,,3/19/2002 7:59,SAMP,G,0.12,,SW,25,"PHOSPHATE, TOTAL AS P",665,SM4500PF,3/26/2002 11:08,0.014,0.014,,0.004,,0.004,mg/L,I,,3/20/2002 0:00,L19242-8,,WMD,WMD,,,,,,,,,,0,,1,0,1,MON,3,,
EVER,TSB,P11111-7,,4/16/2002 6:58,SAMP,G,0.12,,SW,25,"PHOSPHATE, TOTAL AS P",665,SM4500PF,4/18/2002 8:41,0.028,0.028,,0.004,,0.004,mg/L,,,4/17/2002 0:00,L19426-7,,WMD,WMD,,,,,,,,,,0,,2,0,1,MON,3,no flow,
EVER,TSB,P11113-8,,6/12/2002 7:31,SAMP,G,0.4,,SW,25,"PHOSPHATE, TOTAL AS P",665,SM4500PF,6/17/2002 10:12,0.006,0.006,,0.004,,0.004,mg/L,I,,6/13/2002 9:14,L19819-8,,WMD,WMD,,,,,,,,,,0,,1,0,1,MON,3,,
EVER,TSB,P12198-8,,7/22/2002 7:20,SAMP,G,0.7,,SW,25,"PHOSPHATE, TOTAL AS P",665,SM4500PF,7/31/2002 9:38,-0.004,-0.004,,0.004,,0.004,mg/L,U,,7/23/2002 10:31,L20114-8,,WMD,WMD,,,,,,,,,,0,,1,0,1,MON,3,DO probe showing E7= error= membrane problem. DO may not be,
EVER,TSB,P12199-8,,8/12/2002 7:08,SAMP,G,0.12,,SW,25,"PHOSPHATE, TOTAL AS P",665,SM4500PF,8/14/2002 8:50,-0.004,-0.004,,0.004,,0.004,mg/L,U,,8/13/2002 9:15,L20268-8,,WMD,WMD,,,,,,,,,,0,,1,0,1,MON,3,,
EVER,TSB,P12200-8,,9/11/2002 7:50,SAMP,G,0,,SW,25,"PHOSPHATE, TOTAL AS P",665,SM4500PF,9/17/2002 11:23,0.002,0.002,,0.002,,0.002,mg/L,I,,9/12/2002 9:29,L20503-8,,WMD,WMD,,,,,0,,,,,0,,0,0,0,MON,3,,
EVER,TSB,P12201-8,,10/16/2002 7:50,SAMP,G,0.4,,SW,25,"PHOSPHATE, TOTAL AS P",665,SM4500PF,10/17/2002 17:36,0.003,0.003,,0.002,,0.002,mg/L,I,,10/17/2002 9:28,L20763-8,,WMD,WMD,,,,,,,,,,0,,1,0,1,MON,3,,
EVER,TSB,P12202-8,,11/20/2002 7:20,SAMP,G,0.15,,SW,25,"PHOSPHATE, TOTAL AS P",665,SM4500PF,11/26/2002 12:41,0.005,0.005,,0.002,,0.002,mg/L,I,,11/21/2002 9:27,L21023-7,,WMD,WMD,,,,,,,,,,0,,1,0,1,MON,3,,
EVER,TSB,P13302-8,,12/11/2002 7:27,SAMP,G,0.1,,SW,25,"PHOSPHATE, TOTAL AS P",665,SM4500PF,12/17/2002 10:08,0.007,0.007,,0.002,,0.002,mg/L,I,,12/12/2002 9:34,L21176-8,,WMD,WMD,,,,,0.56,,,,,0,,1,0,1,MON,3,,
EVER,TSB,P13304-8,,1/13/2003 7:42,SAMP,G,0.15,,SW,25,"PHOSPHATE, TOTAL AS P",665,SM4500PF,1/28/2003 9:06,0.005,0.005,,0.002,,0.002,mg/L,V,V,1/14/2003 9:54,L21387-8,ENP,WMD,WMD,,,,,0.52,,,,,0,,1,0,1,MON,3,,SAMPLE ASSOCIATED WITH POSITIVE FCEB.
EVER,TSB,P13527-8,,4/21/2003 8:31,SAMP,G,0.2,,SW,25,"PHOSPHATE, TOTAL AS P",665,SM4500PF,4/23/2003 9:17,0.006,0.006,,0.002,,0.002,mg/L,I,,4/22/2003 10:17,L22088-7,,WMD,WMD,,,,,0.56,,,,,0,,0,0,0,MON,3,,
EVER,TSB,P13528-7,,5/19/2003 8:12,SAMP,G,0.15,,SW,25,"PHOSPHATE, TOTAL AS P",665,SM4500PF,5/21/2003 13:16,0.006,0.006,,0.002,,0.002,mg/L,I,,5/20/2003 10:00,L22260-5,,WMD,WMD,,,,,0.66,,,,,0,,1,0,1,MON,3,,
EVER,TSB,P13530-7,,6/18/2003 7:58,SAMP,G,0.15,,SW,25,"PHOSPHATE, TOTAL AS P",665,SM4500PF,6/23/2003 10:02,0.005,0.005,,0.002,,0.002,mg/L,I,,6/19/2003 9:23,L22494-7,,WMD,WMD,,,,,0.5,,,,,0,,1,0,1,MON,3,,
EVER,TSB,P13529-8,,7/14/2003 8:30,SAMP,G,0.12,,SW,25,"PHOSPHATE, TOTAL AS P",665,SM4500PF,7/17/2003 10:06,0.008,0.008,,0.002,,0.002,mg/L,,,7/15/2003 10:16,L22672-8,,WMD,WMD,,,,,0.42,,,,,0,,1,0,1,MON,3,"Cl, Color, NO2, OPO4, and SO4 sample was preserved with H2SO",
EVER,TSB,P13531-7,,8/11/2003 7:46,SAMP,G,0.1,,SW,25,"PHOSPHATE, TOTAL AS P",665,SM4500PF,8/14/2003 10:32,0.009,0.009,,0.002,,0.002,mg/L,,,8/12/2003 10:20,L22887-7,,WMD,WMD,,,,,0.65,,,,,0,,1,0,1,MON,3,,
EVER,TSB,P16235-7,,9/10/2003 7:33,SAMP,G,0.15,,SW,25,"PHOSPHATE, TOTAL AS P",665,SM4500PF,9/16/2003 15:10,0.003,0.003,,0.002,,0.002,mg/L,I,,9/11/2003 9:19,L23149-7,ENP,WMD,WMD,,,,,0.55,,,,,0,,1,0,1,MON,3,,
EVER,TSB,P13532-8,,10/15/2003 7:48,SAMP,G,0.2,,SW,25,"PHOSPHATE, TOTAL AS P",665,SM4500PF,10/23/2003 11:01,0.003,0.003,,0.002,,0.002,mg/L,I,,10/16/2003 9:26,L23439-8,ENP,WMD,WMD,,,,,0.53,,,,,0,,1,0,1,MON,3,,
EVER,TSB,P16236-7,,11/17/2003 8:00,SAMP,G,0.15,,SW,25,"PHOSPHATE, TOTAL AS P",665,SM4500PF,11/21/2003 12:35,0.012,0.012,,0.002,,0.002,mg/L,V,V,11/18/2003 9:35,L23628-7,ENP,WMD,WMD,,,,,0.64,,,,,0,,1,0,1,MON,3,,SAMPLE ASSOCIATED W/ POSITIVE FCEB.
EVER,TSB,P16237-7,,12/17/2003 7:50,SAMP,G,0.15,,SW,25,"PHOSPHATE, TOTAL AS P",665,SM4500PF,12/22/2003 12:38,0.003,0.003,,0.002,,0.002,mg/L,I,,12/18/2003 11:40,L23826-7,ENP,WMD,WMD,,,,,0.56,,,,,0,,1,0,1,MON,3,,
EVER,TSB,P17462-8,,1/14/2004 8:20,SAMP,G,0.15,,SW,25,"PHOSPHATE, TOTAL AS P",665,SM4500PF,1/21/2004 12:07,0.003,0.003,,0.002,,0.002,mg/L,I,,1/15/2004 10:16,L24003-8,ENP,WMD,WMD,,,,,0.69,,,,,0,,0,0,0,MON,3,,
EVER,TSB,P16238-7,,2/11/2004 7:59,SAMP,G,0.15,,SW,25,"PHOSPHATE, TOTAL AS P",665,SM4500PF,2/23/2004 10:12,0.006,0.006,,0.002,,0.002,mg/L,I,,2/12/2004 11:39,L24195-7,ENP,WMD,WMD,,,,,0.73,,,,,0,,1,0,1,MON,3,,
EVER,TSB,P18251-7,,3/10/2004 8:04,SAMP,G,0.15,,SW,25,"PHOSPHATE, TOTAL AS P",665,SM4500PF,3/16/2004 10:16,0.01,0.01,,0.002,,0.002,mg/L,,,3/11/2004 9:37,L24368-7,ENP,WMD,WMD,,,,,0.58,,,,,0,,1,0,1,MON,3,,
EVER,TSB,P18260-8,,7/21/2004 8:55,SAMP,G,0.1,,SW,25,"PHOSPHATE, TOTAL AS P",665,SM4500PF,7/29/2004 13:30,0.012,0.012,,0.002,,0.002,mg/L,,,7/22/2004 9:26,L25239-8,ENP,WMD,WMD,,,,,0.64,,,,,0,,1,0,1,MON,3,,
EVER,TSB,P18254-7,,8/18/2004 8:00,SAMP,G,0.1,,SW,25,"PHOSPHATE, TOTAL AS P",665,SM4500PF,8/23/2004 9:57,0.005,0.005,,0.002,,0.002,mg/L,I,,8/19/2004 9:25,L25445-7,ENP,WMD,WMD,,,,,0.55,,,,,0,,1,0,1,MON,3,,
EVER,TSB,P18255-7,,9/22/2004 7:54,SAMP,G,0.1,,SW,25,"PHOSPHATE, TOTAL AS P",665,SM4500PF,10/7/2004 13:21,0.005,0.005,,0.002,,0.002,mg/L,I,,9/23/2004 9:27,L25661-7,ENP,WMD,WMD,,,,,0.43,,,,,0,,1,0,1,MON,3,,
EVER,TSB,P18261-8,,10/20/2004 8:10,SAMP,G,0.1,,SW,25,"PHOSPHATE, TOTAL AS P",665,SM4500PF,11/1/2004 15:18,0.002,0.002,,0.002,,0.002,mg/L,I,,10/21/2004 10:21,L25880-8,ENP,WMD,WMD,,,,,0.68,,,,,0,,1,0,1,MON,3,,
EVER,TSB,P18256-7,,11/17/2004 8:07,SAMP,G,0.1,,SW,25,"PHOSPHATE, TOTAL AS P",665,SM4500PF,12/7/2004 8:09,0.003,0.003,,0.002,,0.002,mg/L,I,,11/18/2004 13:01,L26090-7,ENP,WMD,WMD,,,,,0.54,,,,,0,,1,0,1,MON,3,,
EVER,TSB,P18257-7,,12/15/2004 8:01,SAMP,G,0.1,,SW,25,"PHOSPHATE, TOTAL AS P",665,SM4500PF,1/8/2005 10:00,-0.002,-0.002,,0.002,,0.002,mg/L,U,,12/16/2004 9:50,L26254-7,ENP,WMD,WMD,,,,,0.44,,,,,0,,1,0,1,MON,3,,
EVER,TSB,P18262-8,,1/19/2005 8:10,SAMP,G,0.15,,SW,25,"PHOSPHATE, TOTAL AS P",665,SM4500PF,2/1/2005 8:40,0.003,0.003,,0.002,,0.002,mg/L,I,,1/20/2005 9:50,L26474-8,ENP,WMD,WMD,,,,,0.56,,,,,0,,1,0,1,MON,3,,
EVER,TSB,P21517-8,,4/20/2005 8:57,SAMP,G,0.15,,SW,25,"PHOSPHATE, TOTAL AS P",665,SM4500PF,4/26/2005 9:25,0.02,0.02,,0.002,,0.002,mg/L,,,4/21/2005 9:18,L27108-6,ENP,WMD,WMD,,,,,0.4,,,,,0,,1,0,1,MON,3,,
EVER,TSB,P21524-7,,6/22/2005 8:14,SAMP,G,0.15,,SW,25,"PHOSPHATE, TOTAL AS P",665,SM4500PF,6/29/2005 17:21,0.004,0.004,,0.002,,0.002,mg/L,I,,6/23/2005 9:25,L27562-7,ENP,WMD,WMD,,,,,0.58,,,,,0,,1,0,1,MON,3,,
EVER,TSB,P21518-8,,7/27/2005 8:02,SAMP,G,0.15,,SW,25,"PHOSPHATE, TOTAL AS P",665,SM4500PF,8/10/2005 14:35,0.004,0.004,,0.002,,0.002,mg/L,I,,7/28/2005 10:01,L27833-8,ENP,WMD,WMD,,,,,0.49,,,,,0,,1,0,1,MON,3,,
EVER,TSB,P21525-7,,8/31/2005 7:57,SAMP,G,0.18,,SW,25,"PHOSPHATE, TOTAL AS P",665,SM4500PF,9/20/2005 10:30,0.004,0.004,,0.002,,0.002,mg/L,I,,9/1/2005 10:31,L28114-7,ENP,WMD,WMD,,,,,0.69,,,,,0,,1,0,1,MON,3,,
EVER,TSB,P21526-7,,9/28/2005 7:58,SAMP,G,0.15,,SW,25,"PHOSPHATE, TOTAL AS P",665,SM4500PF,10/13/2005 12:52,0.003,0.003,,0.002,,0.002,mg/L,I,,9/29/2005 10:18,L28338-7,ENP,WMD,WMD,,,,,0.76,,,,,0,,1,0,1,MON,3,,
EVER,TSB,P21519-8,,11/30/2005 8:00,SAMP,G,0.1,,SW,25,"PHOSPHATE, TOTAL AS P",665,SM4500PF,12/13/2005 8:11,0.004,0.004,,0.002,,0.002,mg/L,I,,12/1/2005 10:13,L28797-8,ENP,WMD,WMD,,,,,0.25,,,,,0,,1,0,1,MON,3,,
EVER,TSB,P21527-7,,12/20/2005 7:41,SAMP,G,0.1,,SW,25,"PHOSPHATE, TOTAL AS P",665,SM4500PF,1/6/2006 13:27,0.003,0.003,,0.002,,0.002,mg/L,I,,12/21/2005 12:12,L28952-7,ENP,WMD,WMD,,,,,0.56,,,,,0,,1,0,3,MON,3,White labeled bottle's (Turbidity) cap came off inside bag i,
EVER,TSB,P21520-8,,1/18/2006 7:47,SAMP,G,0.34,,SW,25,"PHOSPHATE, TOTAL AS P",665,SM4500PF,1/26/2006 12:46,0.005,0.005,,0.002,,0.002,mg/L,I,,1/19/2006 10:18,L29167-8,ENP,WMD,WMD,,,,,0.68,,,,,0,,1,0,2,MON,3,,
EVER,TSB,P21528-7,,2/22/2006 7:50,SAMP,G,0.25,,SW,25,"PHOSPHATE, TOTAL AS P",665,SM4500PF,2/24/2006 13:55,0.013,0.013,,0.002,,0.002,mg/L,,,2/23/2006 9:24,L29452-6,ENP,WMD,WMD,,,,,0.55,,,,,0,,1,0,1,MON,3,,
EVER,TSB,P25650-7,,5/23/2006 8:17,SAMP,G,0.25,,SW,25,"PHOSPHATE, TOTAL AS P",665,SM4500PF,5/31/2006 14:56,0.012,0.012,,0.002,,0.002,mg/L,,,5/24/2006 9:35,L30178-6,ENP,WMD,WMD,,,,,0.5,,,,,0,,1,0,2,MON,3,,
EVER,TSB,P25651-7,,6/27/2006 8:10,SAMP,G,0.35,,SW,25,"PHOSPHATE, TOTAL AS P",665,SM4500PF,7/5/2006 11:17,0.008,0.008,,0.002,,0.002,mg/L,,,6/28/2006 9:50,L30486-7,ENP,WMD,WMD,,,,,0.71,,,,,0,,1,0,1,MON,3,,
EVER,TSB,P25646-8,,7/18/2006 7:40,SAMP,G,0.18,,SW,25,"PHOSPHATE, TOTAL AS P",665,SM4500PF,7/25/2006 8:52,0.004,0.004,,0.002,,0.002,mg/L,I,,7/19/2006 12:00,L30670-8,ENP,WMD,WMD,,,,,0.35,,,,,0,,1,0,1,MON,3,2 liter sample bottle cracked and leaked when put on ice,
EVER,TSB,P25652-7,,8/23/2006 7:42,SAMP,G,0.4,,SW,25,"PHOSPHATE, TOTAL AS P",665,SM4500PF,9/5/2006 14:30,-0.002,-0.002,,0.002,,0.002,mg/L,"V,U",yes,8/24/2006 9:52,L30992-7,ENP,WMD,WMD,,,,CA,0.8,,,,,0,,1,0,1,MON,3,,POSSIBLE SAMPLE MIX
EVER,TSB,P25653-7,,9/27/2006 7:48,SAMP,G,0.14,,SW,25,"PHOSPHATE, TOTAL AS P",665,SM4500PF,10/5/2006 15:48,0.003,0.003,,0.002,,0.002,mg/L,I,,9/28/2006 9:41,L31287-7,ENP,WMD,WMD,,,,,0.27,,,,,0,,1,0,1,MON,3,,
EVER,TSB,P31519-2,,10/25/2006 8:07,SAMP,G,0.33,,SW,25,"PHOSPHATE, TOTAL AS P",665,SM4500PF,11/16/2006 13:05,0.013,0.013,,0.002,0.008,0.002,mg/L,,,10/26/2006 9:39,1966002,ENP,WMD,WMD,2,WMD,PD,NO,0.65,,,,,0,,1,0,1,MON,3,,
EVER,TSB,P31522-2,,1/17/2007 8:33,SAMP,G,0.37,,SW,25,"PHOSPHATE, TOTAL AS P",665,SM4500PF,1/24/2007 12:46,0.006,0.006,,0.002,0.008,0.002,mg/L,I,,1/18/2007 9:37,1969002,ENP,WMD,WMD,2,WMD,PD,NO,0.72,,,,,0,,1,0,1,MON,3,,
EVER,TSB,P31525-2,,4/17/2007 7:53,SAMP,G,0.17,,SW,25,"PHOSPHATE, TOTAL AS P",665,SM4500PF,4/23/2007 13:56,0.009,0.009,,0.002,0.008,0.002,mg/L,,,4/18/2007 9:51,1972002,ENP,WMD,WMD,2,WMD,PD,NO,0.35,,,,,0,,1,0,1,MON,3,,
EVER,TSB,P31526-2,,5/22/2007 7:38,SAMP,G,0.32,,SW,25,"PHOSPHATE, TOTAL AS P",665,SM4500PF,5/29/2007 11:12,0.005,0.005,,0.002,0.008,0.002,mg/L,I,,5/23/2007 10:38,1973002,ENP,WMD,WMD,2,WMD,PD,NO,0.65,,,,,0,,1,0,1,MON,3,,
EVER,TSB,P31527-2,,6/19/2007 7:59,SAMP,G,0.23,,SW,25,"PHOSPHATE, TOTAL AS P",665,SM4500PF,6/25/2007 14:34,0.005,0.005,,0.002,0.008,0.002,mg/L,I,,6/20/2007 11:45,1974002,ENP,WMD,WMD,2,WMD,PD,NO,0.46,,,,,0,,1,0,1,MON,3,,
EVER,TSB,P31528-2,,7/17/2007 8:10,SAMP,G,0.17,,SW,25,"PHOSPHATE, TOTAL AS P",665,SM4500PF,7/24/2007 16:36,0.003,0.003,,0.002,0.008,0.002,mg/L,I,,7/18/2007 11:07,1975002,ENP,WMD,WMD,2,WMD,PD,NO,0.34,,,,,0,,1,0,3,MON,3,,
EVER,TSB,P31529-2,,8/14/2007 8:12,SAMP,G,0.11,,SW,25,"PHOSPHATE, TOTAL AS P",665,SM4500PF,8/21/2007 11:03,0.004,0.004,,0.002,0.008,0.002,mg/L,I,,8/15/2007 10:51,1976002,ENP,WMD,WMD,2,WMD,PD,NO,0.22,,,,,0,,1,0,1,MON,3,,
EVER,TSB,P31530-2,,9/18/2007 8:00,SAMP,G,0.33,,SW,25,"PHOSPHATE, TOTAL AS P",665,SM4500PF,10/4/2007 12:52,-0.002,-0.002,,0.002,0.008,0.002,mg/L,U,,9/19/2007 10:45,1977002,ENP,WMD,WMD,2,WMD,PD,NO,0.67,,,,,0,,1,0,2,MON,3,,
EVER,TSB,P31531-2,,10/16/2007 8:04,SAMP,G,0.14,,SW,25,"PHOSPHATE, TOTAL AS P",665,SM4500PF,10/29/2007 10:32,0.003,0.003,,0.002,0.008,0.002,mg/L,I,,10/17/2007 10:29,1978018,ENP,WMD,WMD,2,WMD,PD,NO,0.28,,,,,0,,1,0,1,MON,3,,
EVER,TSB,P36965-2,,11/13/2007 7:55,SAMP,G,0.4,,SW,25,"PHOSPHATE, TOTAL AS P",665,SM4500PF,11/27/2007 11:55,0.003,0.003,,0.002,0.008,0.002,mg/L,I,,11/14/2007 11:01,8845002,ENP,WMD,WMD,2,WMD,PD,NO,0.79,,,,,0,,1,0,1,MON,3,,
EVER,TSB,P36966-2,,12/11/2007 8:07,SAMP,G,0.23,,SW,25,"PHOSPHATE, TOTAL AS P",665,SM4500PF,12/14/2007 13:00,0.011,0.011,,0.002,0.008,0.002,mg/L,,,12/12/2007 10:55,8846002,ENP,WMD,WMD,2,WMD,PD,NO,0.47,,,,,0,,1,0,1,MON,3,,
EVER,TSB,P36970-2,,4/15/2008 8:26,SAMP,G,0.26,,SW,25,"PHOSPHATE, TOTAL AS P",665,SM4500PF,4/24/2008 12:38,0.005,0.005,,0.002,0.008,0.002,mg/L,I,,4/16/2008 10:11,8850002,ENP,WMD,WMD,2,WMD,PD,NO,0.53,,,,,0,,1,0,1,MON,3,,
EVER,TSB,P36974-2,,8/12/2008 8:10,SAMP,G,0.3,,SW,25,"PHOSPHATE, TOTAL AS P",665,SM4500PF,8/25/2008 11:00,0.004,0.004,,0.002,0.008,0.002,mg/L,I,,8/13/2008 9:17,8854002,ENP,WMD,WMD,2,WMD,PD,NO,0.61,,,,,0,,1,0,1,MON,3,,
EVER,TSB,P36975-2,,9/16/2008 8:27,SAMP,G,0.18,,SW,25,"PHOSPHATE, TOTAL AS P",665,SM4500PF,9/22/2008 14:29,0.003,0.003,,0.002,0.008,0.002,mg/L,"I,J",yes,9/17/2008 9:37,8855002,ENP,WMD,WMD,2,WMD,PD,NO,0.38,,,,,0,,1,0,1,MON,3,,Target analyte was found in EB
EVER,TSB,P42096-2,,10/21/2008 8:23,SAMP,G,0.17,,SW,25,"PHOSPHATE, TOTAL AS P",665,SM4500PF,10/28/2008 11:00,0.003,0.003,,0.002,0.008,0.002,mg/L,I,,10/22/2008 10:02,15104002,ENP,WMD,WMD,2,WMD,PD,NO,0.36,,,,,0,,1,0,1,MON,3,,
EVER,TSB,P42097-2,,11/19/2008 7:50,SAMP,G,0.52,,SW,25,"PHOSPHATE, TOTAL AS P",665,SM4500PF,12/4/2008 12:02,0.002,0.002,,0.002,0.008,0.002,mg/L,I,,11/20/2008 10:18,15105002,ENP,WMD,WMD,2,WMD,PD,NO,1.05,,,,,0,,1,0,1,MON,3,,
EVER,TSB,P42098-2,,12/16/2008 8:27,SAMP,G,0.15,,SW,25,"PHOSPHATE, TOTAL AS P",665,SM4500PF,1/6/2009 12:12,0.003,0.003,,0.002,0.008,0.002,mg/L,I,,12/17/2008 9:56,15106002,ENP,WMD,WMD,2,WMD,PD,NO,0.31,,,,,0,,1,0,1,MON,3,,
EVER,TSB,P42099-2,,1/13/2009 8:40,SAMP,G,0.37,,SW,25,"PHOSPHATE, TOTAL AS P",665,SM4500PF,1/22/2009 16:15,0.004,0.004,,0.002,0.008,0.002,mg/L,I,,1/14/2009 9:58,15107002,ENP,WMD,WMD,2,WMD,PD,NO,0.75,,,,,0,,1,0,1,MON,3,,
EVER,TSB,P44627-2,,6/16/2009 8:43,SAMP,G,0.18,,SW,25,"PHOSPHATE, TOTAL AS P",665,SM4500PF,6/22/2009 9:14,0.005,0.005,,0.002,0.008,0.002,mg/L,I,,6/17/2009 9:51,18241002,ENP,WMD,WMD,2,WMD,PD,NO,0.37,,,,,0,,1,0,1,MON,3,,
EVER,TSB,P45416-2,,7/14/2009 8:20,SAMP,G,0.22,,SW,25,"PHOSPHATE, TOTAL AS P",665,SM4500PF,7/23/2009 10:21,0.004,0.004,,0.002,0.008,0.002,mg/L,I,,7/15/2009 10:00,19261002,ENP,WMD,WMD,2,WMD,PD,NO,0.44,,,,,0,,0,0,1,MON,3,,
EVER,TSB,P44958-2,,8/18/2009 8:37,SAMP,G,0.18,,SW,25,"PHOSPHATE, TOTAL AS P",665,SM4500PF,8/27/2009 9:32,0.004,0.004,,0.002,0.008,0.002,mg/L,I,,8/19/2009 10:31,18657002,ENP,WMD,WMD,2,WMD,PD,NO,0.35,,,,,0,,1,0,1,MON,3,,
EVER,TSB,P45586-2,,9/15/2009 8:14,SAMP,G,0.03,,SW,25,"PHOSPHATE, TOTAL AS P",665,SM4500PF,9/22/2009 8:26,0.003,0.003,,0.002,0.008,0.002,mg/L,I,,9/16/2009 11:04,19453002,ENP,WMD,WMD,2,WMD,PD,NO,0.55,,,,,0,,1,0,1,MON,3,,
EVER,TSB,P46066-2,,10/20/2009 7:57,SAMP,G,0.2,,SW,25,"PHOSPHATE, TOTAL AS P",665,SM4500PF,10/27/2009 8:12,0.003,0.003,,0.002,0.008,0.002,mg/L,I,,10/21/2009 11:22,20044002,ENP,WMD,WMD,2,WMD,PD,NO,0.4,,,,,0,,1,0,1,MON,3,,
EVER,TSB,P46787-2,,11/17/2009 8:11,SAMP,G,0.13,,SW,25,"PHOSPHATE, TOTAL AS P",665,SM4500PF,11/24/2009 10:11,0.004,0.004,,0.002,0.008,0.002,mg/L,I,,11/18/2009 12:39,21025002,ENP,WMD,WMD,2,WMD,PD,NO,0.26,,,,,0,,1,0,1,MON,3,,
EVER,TSB,P46456-2,,12/15/2009 11:47,SAMP,G,0.12,m,SW,25,"PHOSPHATE, TOTAL AS P",665,SM4500PF,12/18/2009 9:44,0.004,0.004,,0.002,0.008,0.002,mg/L,I,,12/16/2009 17:30,20595002,ENP,WMD,WMD,2,WMD,PD,NO,,,,,,0,,1,0,1,MON,3,,
EVER,TSB,P47418-2,,1/26/2010 13:08,SAMP,G,,m,SW,25,"PHOSPHATE, TOTAL AS P",665,SM4500PF,2/1/2010 10:22,0.008,0.008,,0.002,0.008,0.002,mg/L,,,1/27/2010 10:36,21963002,ENP,WMD,,2,WMD,PD,NO,,,,,,0,,1,0,1,MON,3,,
EVER,TSB,P47019-2,,2/23/2010 12:20,SAMP,G,0.06,m,SW,25,"PHOSPHATE, TOTAL AS P",665,SM4500PF,2/25/2010 12:06,0.007,0.007,,0.002,0.008,0.002,mg/L,I,,2/24/2010 10:39,21426002,ENP,WMD,WMD,2,WMD,PD,NO,,,,,,0,,1,0,1,MON,3,,
EVER,TSB,P48693-2,,6/15/2010 13:50,SAMP,G,0.17,m,SW,25,"PHOSPHATE, TOTAL AS P",665,SM4500PF,6/22/2010 12:34,0.005,0.005,,0.002,0.008,0.002,mg/L,I,,6/16/2010 10:18,23561002,ENP,WMD,WMD,2,WMD,PD,NO,,,,,,0,,1,0,3,MON,3,,
EVER,TSB,P48861-2,,7/7/2010 13:30,SAMP,G,0.2,m,SW,25,"PHOSPHATE, TOTAL AS P",665,SM4500PF,7/12/2010 9:34,0.004,0.004,,0.002,0.008,0.002,mg/L,I,,7/8/2010 10:28,23783002,ENP,WMD,WMD,2,WMD,PD,NO,,,,,,0,,1,0,2,MON,3,,
EVER,TSB,P49267-2,,8/11/2010 14:45,SAMP,G,0.24,m,SW,25,"PHOSPHATE, TOTAL AS P",665,SM4500PF,8/13/2010 12:56,0.003,0.003,,0.002,0.008,0.002,mg/L,I,,8/12/2010 9:38,24298002,ENP,WMD,WMD,2,WMD,PD,NO,,,,,,0,,1,0,1,MON,3,,
EVER,TSB,P49575-2,,9/15/2010 13:10,SAMP,G,0.25,m,SW,25,"PHOSPHATE, TOTAL AS P",665,SM4500PF,9/17/2010 9:16,0.003,0.003,,0.002,0.008,0.002,mg/L,I,,9/16/2010 10:15,24710002,ENP,WMD,WMD,2,WMD,PD,NO,,,,,,0,,1,0,2,MON,3,,
EVER,TSB,P49960-2,,10/20/2010 13:50,SAMP,G,0.19,m,SW,25,"PHOSPHATE, TOTAL AS P",665,SM4500PF,10/22/2010 9:59,0.003,0.003,,0.002,0.008,0.002,mg/L,I,,10/21/2010 10:58,25193002,ENP,WMD,WMD,2,WMD,PD,NO,,,,,,0,,1,0,3,MON,3,,
EVER,TSB,P50465-2,,11/16/2010 13:10,SAMP,G,0.08,m,SW,25,"PHOSPHATE, TOTAL AS P",665,SM4500PF,11/22/2010 12:14,0.006,0.006,,0.002,0.008,0.002,mg/L,I,,11/17/2010 10:55,25841002,ENP,WMD,WMD,2,WMD,PD,NO,,,,,,0,,1,0,1,MON,3,,
EVER,TSB,P52387-2,,8/16/2011 13:25,SAMP,G,0.15,m,SW,25,"PHOSPHATE, TOTAL AS P",665,SM4500PF,8/18/2011 10:42,0.005,0.005,,0.002,0.004,0.002,mg/L,,,8/17/2011 10:03,28515002,ENP,WMD,WMD,2,WMD,PD,NO,,,,,,0,,1,0,2,MON,3,,
EVER,TSB,P52388-2,,9/14/2011 14:09,SAMP,G,0.16,m,SW,25,"PHOSPHATE, TOTAL AS P",665,SM4500PF,9/19/2011 8:21,0.004,0.004,,0.002,0.004,0.002,mg/L,,,9/15/2011 9:27,28516002,ENP,WMD,WMD,2,WMD,PD,NO,,,,,,0,,1,0,1,MON,3,,
EVER,TSB,P54332-2,,10/26/2011 13:20,SAMP,G,0.22,m,SW,25,"PHOSPHATE, TOTAL AS P",665,SM4500PF,10/28/2011 10:21,0.003,0.003,,0.002,0.004,0.002,mg/L,I,,10/27/2011 9:27,30937002,ENP,WMD,WMD,2,WMD,PD,NO,,,,,,0,,1,0,1,MON,3,Collect in two 1 liter bottles (see P54332-13 type = EB),
EVER,TSB,P54344-2,,11/16/2011 13:50,SAMP,G,0.16,m,SW,25,"PHOSPHATE, TOTAL AS P",665,SM4500PF,11/21/2011 9:59,0.003,0.003,,0.002,0.004,0.002,mg/L,I,,11/17/2011 10:15,30949002,ENP,WMD,WMD,2,WMD,PD,NO,,,,,,0,,1,0,1,MON,3,,
EVER,TSB,P54345-2,,12/14/2011 12:51,SAMP,G,0.15,m,SW,25,"PHOSPHATE, TOTAL AS P",665,SM4500PF,12/16/2011 8:01,0.003,0.003,,0.002,0.004,0.002,mg/L,I,,12/15/2011 10:53,30950002,ENP,WMD,WMD,2,WMD,PD,NO,,,,,,0,,1,0,1,MON,3,,
EVER,TSB,P54350-2,,5/9/2012 14:05,SAMP,G,0.12,m,SW,25,"PHOSPHATE, TOTAL AS P",665,SM4500PF,5/14/2012 9:52,0.004,0.004,,0.002,0.004,0.002,mg/L,,,5/10/2012 9:56,30955002,ENP,WMD,WMD,2,WMD,PD,NO,,,,,,0,,1,0,1,MON,3,,
EVER,TSB,P54351-2,,6/13/2012 12:49,SAMP,G,0.11,m,SW,25,"PHOSPHATE, TOTAL AS P",665,SM4500PF,6/20/2012 13:33,0.004,0.004,+/- 0.002,0.002,0.004,0.002,mg/L,,,6/14/2012 10:09,30956002,ENP,WMD,WMD,2,WMD,PD,NO,,,,,,0,,1,0,1,MON,3,,
EVER,TSB,P54352-2,,7/19/2012 12:12,SAMP,G,0.3,m,SW,25,"PHOSPHATE, TOTAL AS P",665,SM4500PF,7/26/2012 10:31,0.003,0.003,+/- 0.002,0.002,0.004,0.002,mg/L,I,,7/20/2012 10:29,30957002,ENP,WMD,WMD,2,WMD,PD,NO,,,,,,0,,1,0,1,MON,3,,
EVER,TSB,P54353-2,,8/23/2012 13:48,SAMP,G,0.21,m,SW,25,"PHOSPHATE, TOTAL AS P",665,SM4500PF,9/5/2012 10:34,0.003,0.003,+/- 0.002,0.002,0.004,0.002,mg/L,I,,8/24/2012 9:45,30958002,ENP,WMD,WMD,2,WMD,PD,NO,,,,,,0,,1,0,1,MON,3,Time taken from the bottle for this sample.,
EVER,TSB,P54354-2,,9/25/2012 12:44,SAMP,G,0.28,m,SW,25,"PHOSPHATE, TOTAL AS P",665,SM4500PF,10/2/2012 10:33,0.002,0.002,+/- 0.002,0.002,0.004,0.002,mg/L,I,,9/26/2012 9:37,30959002,ENP,WMD,WMD,2,WMD,PD,NO,,,,,,0,,1,0,2,MON,3,,
EVER,TSB,P54355-2,,10/30/2012 13:39,SAMP,G,0.28,m,SW,25,"PHOSPHATE, TOTAL AS P",665,SM4500PF,11/5/2012 10:22,0.002,0.002,+/- 0.002,0.002,0.004,0.002,mg/L,I,,10/31/2012 11:08,30960002,ENP,WMD,WMD,2,WMD,PD,NO,,,,,,0,,1,0,1,MON,3,,
EVER,TSB,P58386-2,,11/19/2012 12:53,SAMP,G,0.23,m,SW,25,"PHOSPHATE, TOTAL AS P",665,SM4500PF,11/30/2012 12:09,0.002,0.002,+/- 0.002,0.002,0.004,0.002,mg/L,I,,11/20/2012 9:56,36320002,ENP,WMD,WMD,2,WMD,PD,NO,,,,,,0,,1,0,1,MON,3,,
EVER,TSB,P58387-2,,12/12/2012 13:18,SAMP,G,0.21,m,SW,25,"PHOSPHATE, TOTAL AS P",665,SM4500PF,12/13/2012 14:02,0.003,0.003,+/- 0.002,0.002,0.004,0.002,mg/L,I,,12/13/2012 9:34,36321002,ENP,WMD,WMD,2,WMD,PD,NO,,,,,,0,,1,0,1,MON,3,,
EVER,TSB,P63606-2,,5/15/2013 13:33,SAMP,G,0.06,m,SW,25,"PHOSPHATE, TOTAL AS P",665,SM4500PF,5/21/2013 7:41,0.012,0.012,+/- 0.002,0.002,0.004,0.002,mg/L,,,5/16/2013 9:57,40508002,ENP,WMD,WMD,2,WMD,PD,NO,,,,0.13,,0,,1,0,1,MON,3,,
EVER,TSB,P63607-2,,6/12/2013 16:00,SAMP,G,0.15,m,SW,25,"PHOSPHATE, TOTAL AS P",665,SM4500PF,6/17/2013 11:32,0.005,0.005,+/- 0.002,0.002,0.004,0.002,mg/L,,,6/13/2013 10:36,40509002,ENP,WMD,WMD,2,WMD,PD,NO,,,,0.34,,0,,1,0,6,MON,3,,
EVER,TSB,P63608-2,,7/23/2013 13:50,SAMP,G,0.28,m,SW,25,"PHOSPHATE, TOTAL AS P",665,SM4500PF,8/5/2013 11:27,0.002,0.002,+/- 0.002,0.002,0.004,0.002,mg/L,I,,7/24/2013 9:37,40510002,ENP,WMD,WMD,2,WMD,PD,NO,,,,0.6,,0,,1,0,1,MON,3,,
EVER,TSB,P63799-2,,8/28/2013 14:13,SAMP,G,0.29,m,SW,25,"PHOSPHATE, TOTAL AS P",665,SM4500PF,9/5/2013 12:57,0.002,0.002,+/- 0.002,0.002,0.004,0.002,mg/L,I,,8/29/2013 9:32,40628002,ENP,WMD,WMD,2,WMD,PD,NO,,,,0.57,,0,,1,0,2,MON,3,,
EVER,TSB,P65901-2,,10/22/2013 14:02,SAMP,G,0.19,m,SW,25,"PHOSPHATE, TOTAL AS P",665,SM4500PF,10/30/2013 11:02,0.004,0.004,+/- 0.002,0.002,0.004,0.002,mg/L,,,10/23/2013 9:55,42353002,ENP,WMD,WMD,2,WMD,PD,NO,,,,,,0,,1,0,1,MON,3,,
EVER,TSB,P66552-2,,11/13/2013 13:29,SAMP,G,0.19,m,SW,25,"PHOSPHATE, TOTAL AS P",665,SM4500PF,11/19/2013 10:27,0.003,0.003,+/- 0.002,0.002,0.004,0.002,mg/L,I,,11/14/2013 9:58,42956002,ENP,WMD,WMD,2,WMD,PD,NO,,,,,,0,,1,0,2,MON,3,login personnel found the TSS white bottle lid off of bottle and contents spilled sometime before cooler opened at arrival to lab. .,
EVER,TSB,P67069-2,,12/18/2013 13:12,SAMP,G,0.18,m,SW,25,"PHOSPHATE, TOTAL AS P",665,SM4500PF,1/7/2014 11:34,0.002,0.002,+/- 0.002,0.002,0.004,0.002,mg/L,I,,12/19/2013 11:26,43348002,ENP,WMD,WMD,2,WMD,PD,NO,,,,,,0,,0,0,0,MON,3,,
EVER,TSB,P67882-2,,1/15/2014 14:38,SAMP,G,0.35,m,SW,25,"PHOSPHATE, TOTAL AS P",665,SM4500PF,1/17/2014 10:38,0.004,0.004,+/- 0.002,0.002,0.004,0.002,mg/L,,,1/16/2014 9:50,43678002,ENP,WMD,WMD,2,WMD,PD,NO,,,,0.81,,0,,0,0,2,MON,3,,
EVER,TSB,P68346-2,,2/18/2014 14:37,SAMP,G,0.08,m,SW,25,"PHOSPHATE, TOTAL AS P",665,SM4500PF,2/24/2014 10:59,0.002,0.002,+/- 0.002,0.002,0.004,0.002,mg/L,I,,2/19/2014 10:56,44054002,ENP,WMD,WMD,2,WMD,PD,NO,,,,0.21,,0,,0,0,1,MON,3,120ml,
EVER,TSB,P71097-2,,7/16/2014 13:15,SAMP,G,0.11,m,SW,25,"PHOSPHATE, TOTAL AS P",665,SM4500PF,7/29/2014 13:11,0.006,0.006,+/- 0.002,0.002,0.004,0.002,mg/L,,,7/17/2014 10:12,46079002,ENP,WMD,WMD,2,WMD,PD,NO,,,,0.23,,0,,0,0,1,MON,3,2L,
EVER,TSB,P73254-2,,8/13/2014 13:13,SAMP,G,0.18,m,SW,25,"PHOSPHATE, TOTAL AS P",665,SM4500PF,8/26/2014 12:23,0.003,0.003,+/- 0.002,0.002,0.004,0.002,mg/L,I,,8/14/2014 10:05,47423002,ENP,WMD,WMD,2,WMD,PD,NO,,,,0.4,,0,,0,0,1,MON,3,,
EVER,TSB,P73255-2,,9/18/2014 12:28,SAMP,G,0.18,m,SW,25,"PHOSPHATE, TOTAL AS P",665,SM4500PF,9/29/2014 10:33,0.004,0.004,+/- 0.002,0.002,0.004,0.002,mg/L,,,9/19/2014 10:18,47424002,ENP,WMD,WMD,2,WMD,PD,NO,,,,0.4,,0,,0,0,2,MON,3,,
EVER,TSB,P73463-2,,10/15/2014 12:55,SAMP,G,0.18,m,SW,25,"PHOSPHATE, TOTAL AS P",665,SM4500PF,10/27/2014 12:45,0.003,0.003,+/- 0.002,0.002,0.004,0.002,mg/L,I,,10/16/2014 10:24,47612002,ENP,WMD,WMD,2,WMD,PD,NO,,,,0.44,,0,,0,0,1,MON,3,,
EVER,TSB,P74763-2,,11/18/2014 12:58,SAMP,G,0.14,m,SW,25,"PHOSPHATE, TOTAL AS P",665,SM4500PF,11/25/2014 12:32,0.003,0.003,+/- 0.002,0.002,0.004,0.002,mg/L,I,,11/19/2014 15:08,48737002,ENP,WMD,WMD,2,WMD,PD,NO,,,,0.3,,0,,0,0,2,MON,3,,
EVER,TSB,P74762-2,,12/9/2014 13:50,SAMP,G,0.08,m,SW,25,"PHOSPHATE, TOTAL AS P",665,SM4500PF,12/19/2014 11:29,0.004,0.004,+/- 0.002,0.002,0.004,0.002,mg/L,,,12/10/2014 11:23,48736002,ENP,WMD,WMD,2,WMD,PD,NO,,,,0.2,,0,,0,0,3,MON,3,,
EVER,TSB,P78648-2,,9/16/2015 13:27,SAMP,G,0.11,m,SW,25,"PHOSPHATE, TOTAL AS P",665,SM4500PF,9/22/2015 11:37,0.003,0.003,+/- 0.002,0.002,0.004,0.002,mg/L,I,,9/17/2015 10:02,51833002,ENP,WMD,WMD,2,WMD,PD,NO,,,,0.25,,0,,0,0,5,MON,3,,
EVER,TSB,P80858-2,,10/14/2015 12:45,SAMP,G,0.16,m,SW,25,"PHOSPHATE, TOTAL AS P",665,SM4500PF,10/22/2015 10:32,0.002,0.002,+/- 0.002,0.002,0.004,0.002,mg/L,I,,10/15/2015 10:24,53682002,ENP,WMD,WMD,2,WMD,PD,NO,,,,0.36,,0,,0,0,1,MON,3,,
EVER,TSB,P80859-2,,11/19/2015 13:27,SAMP,G,0.06,m,SW,25,"PHOSPHATE, TOTAL AS P",665,SM4500PF,12/2/2015 10:29,0.005,0.005,+/- 0.002,0.002,0.004,0.002,mg/L,,,11/20/2015 10:18,53683002,ENP,WMD,WMD,2,WMD,PD,NO,,,,0.15,,0,,0,0,2,MON,3,,
EVER,TSB,P80860-2,,12/17/2015 13:05,SAMP,G,0.27,m,SW,25,"PHOSPHATE, TOTAL AS P",665,SM4500PF,1/6/2016 9:32,0.002,0.002,+/- 0.002,0.002,0.004,0.002,mg/L,"I,G",yes,12/18/2015 11:14,53684002,ENP,WMD,WMD,2,WMD,PD,NO,,,,0.7,,0,,1,0,1,MON,3,,"Analyte was detected at or above the method detection limit in both the sample and the associated field blank, equipment blank, or trip blank, and the blank value was greater than 10% of the associated sample value"
EVER,TSB,P80861-2,,1/12/2016 15:15,SAMP,G,0.12,m,SW,25,"PHOSPHATE, TOTAL AS P",665,SM4500PF,1/25/2016 9:46,0.002,0.002,+/- 0.002,0.002,0.004,0.002,mg/L,I,,1/13/2016 9:46,53685002,ENP,WMD,WMD,2,WMD,PD,NO,,,,0.35,,0,,0,0,4,MON,3,,
EVER,TSB,P82198-2,,2/18/2016 13:45,SAMP,G,0.17,m,SW,25,"PHOSPHATE, TOTAL AS P",665,SM4500PF,2/25/2016 12:19,0.002,0.002,+/- 0.002,0.002,0.004,0.002,mg/L,I,,2/19/2016 10:25,54737002,ENP,WMD,WMD,2,WMD,PD,NO,,,,0.47,,0,,0,0,1,MON,3,,
EVER,TSB,P82199-2,,3/16/2016 14:04,SAMP,G,,m,SW,25,"PHOSPHATE, TOTAL AS P",665,SM4500PF,3/25/2016 13:00,0.004,0.004,+/- 0.002,0.002,0.004,0.002,mg/L,PMR,,3/17/2016 11:01,54738002,ENP,WMD,WMD,2,WMD,PD,NO,,,,0.25,,0,,0,0,1,MON,3,,NO DEPTH RECORDED ON FIELD DOCUMENTATION
EVER,TSB,P82495-2,,4/20/2016 15:09,SAMP,G,,m,SW,25,"PHOSPHATE, TOTAL AS P",665,SM4500PF,4/28/2016 12:34,0.007,0.007,+/- 0.002,0.002,0.004,0.002,mg/L,,,4/21/2016 10:37,55033002,ENP,WMD,WMD,2,WMD,PD,NO,,,,0.18,,0,,0,0,0,MON,3,,
EVER,TSB,P82793-2,,5/25/2016 14:17,SAMP,G,,m,SW,25,"PHOSPHATE, TOTAL AS P",665,SM4500PF,6/2/2016 8:55,0.004,0.004,+/- 0.002,0.002,0.004,0.002,mg/L,J,yes,5/26/2016 10:47,55294002,ENP,WMD,WMD,2,WMD,PD,NO,,,,0.51,,0,,0,0,0,MON,3,,Precision or accuracy criteria not met
EVER,TSB,P83188-2,,6/16/2016 13:15,SAMP,G,0.18,m,SW,25,"PHOSPHATE, TOTAL AS P",665,SM4500PF,6/21/2016 12:57,0.003,0.003,+/- 0.002,0.002,0.004,0.002,mg/L,I,,6/17/2016 10:56,55634002,ENP,WMD,WMD,2,WMD,PD,NO,,,,0.44,,0,,0,0,1,MON,3,,
EVER,TSB,P83529-2,,7/20/2016 12:56,SAMP,G,0.24,m,SW,25,"PHOSPHATE, TOTAL AS P",665,SM4500PF,7/28/2016 11:31,0.002,0.002,+/- 0.002,0.002,0.004,0.002,mg/L,I,,7/21/2016 10:05,55954002,ENP,WMD,WMD,2,WMD,PD,NO,,,,0.55,,0,,0,0,1,MON,3,PERIPHYTON MODERATE,
EVER,TSB,P84104-2,,8/17/2016 12:39,SAMP,G,0.27,m,SW,25,"PHOSPHATE, TOTAL AS P",665,SM4500PF,8/30/2016 13:08,0.004,0.004,+/- 0.002,0.002,0.004,0.002,mg/L,,,8/18/2016 9:50,56395002,ENP,WMD,WMD,2,WMD,PD,NO,,,,0.63,,0,,0,0,4,MON,3,PERIPHYTON LT-MODERATE-OVERCAST- OCCIDENTALIS SPP,
EVER,TSB,P84427-2,,9/21/2016 13:30,SAMP,G,0.27,m,SW,25,"PHOSPHATE, TOTAL AS P",665,SM4500PF,10/5/2016 11:33,0.004,0.004,+/- 0.002,0.002,0.004,0.002,mg/L,G,yes,9/22/2016 10:17,56693002,ENP,WMD,WMD,2,WMD,PD,NO,,,,0.6,,0,,0,0,2,MON,3,periphyton light - occidentalis blooming,"Analyte was detected at or above the method detection limit in both the sample and the associated field blank, equipment blank, or trip blank, and the blank value was greater than 10% of the associated sample value"
EVER,TSB,P84723-2,,10/19/2016 13:22,SAMP,G,,m,SW,25,"PHOSPHATE, TOTAL AS P",665,SM4500PF,11/3/2016 12:13,0.007,0.007,+/- 0.002,0.002,0.004,0.002,mg/L,,,10/20/2016 10:17,56960002,ENP,WMD,WMD,2,WMD,PD,NO,,,,0.57,,0,,0,0,1,MON,3,PERIPHYTON HEAVY,
EVER,TSB,P85209-2,,11/17/2016 13:09,SAMP,G,0.18,m,SW,25,"PHOSPHATE, TOTAL AS P",665,SM4500PF,12/1/2016 10:29,0.003,0.003,+/- 0.002,0.002,0.004,0.002,mg/L,I,,11/18/2016 10:58,57429002,ENP,WMD,WMD,2,WMD,PD,NO,,,,0.42,,0,,0,0,1,MON,3,2 LITER-PHERIPHYTON MODERATE,
EVER,TSB,P85571-2,,12/15/2016 13:49,SAMP,G,0.11,m,SW,25,"PHOSPHATE, TOTAL AS P",665,SM4500PF,12/21/2016 11:33,0.008,0.008,+/- 0.002,0.002,0.004,0.002,mg/L,,,12/16/2016 10:20,57751002,ENP,WMD,WMD,2,WMD,PD,NO,,,,0.29,,0,,0,0,2,MON,3,Periphyton heavy. Prescribed burn approx 1/4 to 1/3 mile away,
EVER,TSB,P88127-2,,6/14/2017 13:01,SAMP,G,0.05,m,SW,25,"PHOSPHATE, TOTAL AS P",665,SM4500PF,6/20/2017 12:03,0.009,0.009,+/- 0.002,0.002,0.004,0.002,mg/L,,,6/15/2017 10:29,59817002,ENP,WMD,WMD,2,WMD,PD,NO,,,,0.15,,0,,0,0,6,MON,3,120 mL raining - periphyton light,
EVER,TSB,P88460-2,,8/16/2017 13:35,SAMP,G,0.12,m,SW,25,"PHOSPHATE, TOTAL AS P",665,SM4500PF,8/29/2017 11:24,0.004,0.004,+/- 0.002,0.002,0.004,0.002,mg/L,,,8/17/2017 10:42,60139002,ENP,WMD,WMD,2,WMD,PD,NO,,,,0.36,,0,,0,0,5,MON,3,periphyton heavy-heavy rain prior to collection - slight rain during sample collection + field sonde readings.,
EVER,TSB,P88805-2,,9/28/2017 13:55,SAMP,G,0.32,m,SW,25,"PHOSPHATE, TOTAL AS P",665,SM4500PF,10/3/2017 10:11,0.003,0.003,+/- 0.002,0.002,0.004,0.002,mg/L,I,,9/29/2017 10:15,60462002,ENP,WMD,WMD,2,WMD,PD,NO,,,,0.69,,0,,0,0,2,MON,3,,
EVER,TSB,P89563-2,,10/18/2017 14:16,SAMP,G,0.33,m,SW,25,"PHOSPHATE, TOTAL AS P",665,SM4500PF,10/26/2017 12:37,0.003,0.003,+/- 0.002,0.002,0.004,0.002,mg/L,I,,10/19/2017 10:51,61152002,ENP,WMD,WMD,2,WMD,PD,NO,,,,0.71,,0,,0,0,6,MON,3,periphyton light- raining during collection & field readings - moderate rainfall,
EVER,TSB,P89118-2,,11/15/2017 14:28,SAMP,G,0.27,m,SW,25,"PHOSPHATE, TOTAL AS P",665,SM4500PF,11/29/2017 13:29,0.002,0.002,+/- 0.002,0.002,0.004,0.002,mg/L,I,,11/16/2017 11:32,60763002,ENP,WMD,WMD,2,WMD,PD,NO,,,,0.58,,0,,0,0,4,MON,3,,
EVER,TSB,P90357-2,,12/20/2017 14:12,SAMP,G,0.19,m,SW,25,"PHOSPHATE, TOTAL AS P",665,SM4500PF,1/12/2018 9:58,0.003,0.003,+/- 0.002,0.002,0.004,0.002,mg/L,"I,G",yes,12/21/2017 15:42,61905002,ENP,WMD,WMD,2,WMD,PD,NO,,,,0.52,,0,,0,0,1,MON,3,PERIPHYTON LIGHT,"Analyte was detected at or above the method detection limit in both the sample and the associated field blank, equipment blank, or trip blank, and the blank value was greater than 10% of the associated sample value"
EVER,TSB,P90679-2,,1/24/2018 14:33,SAMP,G,0.22,m,SW,25,"PHOSPHATE, TOTAL AS P",665,SM4500PF,2/6/2018 11:17,0.003,0.003,+/- 0.002,0.002,0.004,0.002,mg/L,"I,G",yes,1/25/2018 10:35,62212002,ENP,WMD,WMD,2,WMD,PD,NO,,,,0.46,,0,,0,0,1,MON,3,periphyton moderate,"Analyte was detected at or above the method detection limit in both the sample and the associated field blank, equipment blank, or trip blank, and the blank value was greater than 10% of the associated sample value"
EVER,TSB,P91625-2,,2/14/2018 13:54,SAMP,G,0.15,m,SW,25,"PHOSPHATE, TOTAL AS P",665,SM4500PF,2/22/2018 13:24,0.003,0.003,+/- 0.002,0.002,0.004,0.002,mg/L,I,,2/16/2018 7:34,63034002,ENP,WMD,WMD,2,WMD,PD,NO,,,,0.4,,0,,0,0,1,MON,3,periphyton moderate,
EVER,TSB,P92334-2,,3/14/2018 13:35,SAMP,G,0.08,m,SW,25,"PHOSPHATE, TOTAL AS P",665,SM4500PF,3/28/2018 11:13,0.009,0.009,+/- 0.002,0.002,0.004,0.002,mg/L,,,3/15/2018 10:41,63648002,ENP,WMD,WMD,2,WMD,PD,NO,,,,,,0,,0,0,1,MON,3,PERIPHYTON HEAVY,
EVER,TSB,P93518-2,,6/13/2018 13:24,SAMP,G,0.14,m,SW,25,"PHOSPHATE, TOTAL AS P",665,SM4500PF,6/27/2018 13:54,0.004,0.004,+/- 0.002,0.002,0.004,0.002,mg/L,G,yes,6/14/2018 10:10,64725002,ENP,WMD,WMD,2,WMD,PD,NO,,,,0.35,,0,,0,0,3,MON,3,2 liter periphyton light,"Analyte was detected at or above the method detection limit in both the sample and the associated field blank, equipment blank, or trip blank, and the blank value was greater than 10% of the associated sample value"
EVER,TSB,P93942-2,,7/18/2018 13:23,SAMP,G,0.15,m,SW,25,"PHOSPHATE, TOTAL AS P",665,SM4500PF,7/30/2018 11:46,0.002,0.002,+/- 0.002,0.002,0.004,0.002,mg/L,"I,G",yes,7/19/2018 10:25,65110002,ENP,WMD,WMD,2,WMD,PD,NO,,,,0.42,,0,,0,0,2,MON,3,"Sunny, partly cloudy, 2 L","Analyte was detected at or above the method detection limit in both the sample and the associated field blank, equipment blank, or trip blank, and the blank value was greater than 10% of the associated sample value"
EVER,TSB,P94267-2,,8/15/2018 13:30,SAMP,G,0.16,m,SW,25,"PHOSPHATE, TOTAL AS P",665,SM4500PF,8/24/2018 10:10,0.004,0.004,+/- 0.002,0.002,0.004,0.002,mg/L,,,8/16/2018 9:56,65338002,ENP,WMD,WMD,2,WMD,PD,NO,,,,0.43,,0,,0,0,1,MON,3,2 liter- periphyton light,
EVER,TSB,P94667-2,,9/19/2018 14:15,SAMP,G,0.22,m,SW,25,"PHOSPHATE, TOTAL AS P",665,SM4500PF,9/21/2018 10:58,0.002,0.002,+/- 0.002,0.002,0.004,0.002,mg/L,I,,9/20/2018 10:31,65717002,ENP,WMD,WMD,2,WMD,PD,NO,,,,0.5,,0,,0,0,1,MON,3,2L periphyton moderate,
EVER,TSB,P95157-2,,10/10/2018 14:07,SAMP,G,0.22,m,SW,25,"PHOSPHATE, TOTAL AS P",665,SM4500PF,10/22/2018 9:53,0.004,0.004,+/- 0.002,0.002,0.004,0.002,mg/L,G,yes,10/11/2018 10:52,66163002,ENP,WMD,WMD,2,WMD,PD,NO,,,,0.55,,0,,0,0,0,MON,3,2 liter periphyton light,"Analyte was detected at or above the method detection limit in both the sample and the associated field blank, equipment blank, or trip blank, and the blank value was greater than 10% of the associated sample value"
EVER,TSB,P95621-2,,11/15/2018 13:46,SAMP,G,0.12,m,SW,25,"PHOSPHATE, TOTAL AS P",665,SM4500PF,11/29/2018 12:59,0.004,0.004,+/- 0.002,0.002,0.004,0.002,mg/L,,,11/16/2018 10:49,66618002,ENP,WMD,WMD,2,WMD,PD,NO,,,,0.33,,0,,0,0,1,MON,3,periphyton moderate-2 L,
EVER,TSB,P98320-2,,12/19/2018 12:52,SAMP,G,0.08,m,SW,25,"PHOSPHATE, TOTAL AS P",665,SM4500PF,1/14/2019 10:56,0.005,0.005,+/- 0.002,0.002,0.004,0.002,mg/L,,,12/20/2018 12:11,68355002,ENP,WMD,WMD,2,WMD,PD,CA,,,,0.22,,0,,0,0,1,MON,3,120ml-Periphyton moderate,
EVER,TSB,P98322-3,,2/14/2019 13:07,SAMP,G,0.06,m,SW,25,"PHOSPHATE, TOTAL AS P",665,SM4500PF,3/4/2019 11:29,0.006,0.006,+/- 0.002,0.002,0.004,0.002,mg/L,,,2/15/2019 11:18,68357003,ENP,WMD,WMD,2,WMD,PD,NO,,,,0.19,,0,,0,0,3,MON,3,120 mL periphyton moderate,
EVER,TSB,P103982-3,,6/18/2019 15:01,SAMP,G,0.06,m,SW,25,"PHOSPHATE, TOTAL AS P",665,SM4500PF,6/24/2019 12:37,0.011,0.011,+/- 0.002,0.002,0.004,0.002,mg/L,,,6/19/2019 11:41,70297003,ENP,WMD,WMD,2,WMD,PD,NO,,,,0.17,,0,,0,0,0,MON,3,120 mL-overcast,
EVER,TSB,P103797-3,,7/17/2019 14:40,SAMP,G,0.12,m,SW,25,"PHOSPHATE, TOTAL AS P",665,SM4500PF,7/23/2019 12:59,0.004,0.004,+/- 0.002,0.002,0.004,0.002,mg/L,G,yes,7/18/2019 10:32,70190003,ENP,WMD,WMD,2,WMD,PD,NO,,,,0.33,,0,,0,0,0,MON,3,2 liter,"Analyte was detected at or above the method detection limit in both the sample and the associated field blank, equipment blank, or trip blank, and the blank value was greater than 10% of the associated sample value."
EVER,TSB,P108856-3,,8/21/2019 13:20,SAMP,G,0.21,m,SW,25,"PHOSPHATE, TOTAL AS P",665,SM4500PF,9/5/2019 10:43,0.003,0.003,+/- 0.002,0.002,0.004,0.002,mg/L,"I,G",yes,8/22/2019 10:33,72212003,ENP,WMD,WMD,2,WMD,PD,NO,,,,0.5,,0,,0,0,0,MON,3,2 Liter,"Analyte was detected at or above the method detection limit in both the sample and the associated field blank, equipment blank, or trip blank, and the blank value was greater than 10% of the associated sample value"
EVER,TSB,P108857-3,,9/18/2019 13:28,SAMP,G,0.22,m,SW,25,"PHOSPHATE, TOTAL AS P",665,SM4500PF,10/1/2019 12:41,0.003,0.003,+/- 0.002,0.002,0.004,0.002,mg/L,I,,9/19/2019 10:13,72213003,ENP,WMD,WMD,2,WMD,PD,NO,,,,0.51,,0,,0,0,0,MON,3,Sunny w/ some clouds 2L,
EVER,TSB,P108858-3,,10/23/2019 14:07,SAMP,G,0.12,m,SW,25,"PHOSPHATE, TOTAL AS P",665,SM4500PF,11/5/2019 13:53,0.002,0.002,+/- 0.002,0.002,0.004,0.002,mg/L,I,,10/24/2019 10:25,72214003,ENP,WMD,WMD,2,WMD,PD,NO,,,,0.35,,0,,0,0,0,MON,3,2 liter,
EVER,TSB,P108872-3,,11/20/2019 13:54,SAMP,G,0.09,m,SW,25,"PHOSPHATE, TOTAL AS P",665,SM4500PF,12/5/2019 9:14,-0.002,-0.002,+/- 0.002,0.002,0.004,0.002,mg/L,U,,11/21/2019 13:28,72215003,ENP,WMD,WMD,2,WMD,PD,NO,,,,0.2,,0,,0,0,0,MON,3,120ml sunny,
EVER,TSB,P108873-3,,12/18/2019 13:31,SAMP,G,0.05,m,SW,25,"PHOSPHATE, TOTAL AS P",665,SM4500PF,12/23/2019 14:11,0.007,0.007,+/- 0.002,0.002,0.004,0.002,mg/L,,,12/19/2019 11:52,72216003,ENP,WMD,WMD,2,WMD,PD,NO,,,,0.18,,0,,0,0,0,MON,3,120 ml overcast,
EVER,TSB,P108874-3,,1/15/2020 12:55,SAMP,G,0.06,m,SW,25,"PHOSPHATE, TOTAL AS P",665,SM4500PF,1/28/2020 11:36,0.004,0.004,+/- 0.002,0.002,0.004,0.002,mg/L,,,1/16/2020 10:05,72217003,ENP,WMD,WMD,2,WMD,PD,NO,,,,0.2,,0,,0,0,0,MON,3,120 ml sunny,
EVER,TSB,P113668-3,,2/12/2020 13:21,SAMP,G,0.06,m,SW,25,"PHOSPHATE, TOTAL AS P",665,SM4500PF,2/24/2020 12:45,0.006,0.006,+/- 0.002,0.002,0.004,0.002,mg/L,,,2/13/2020 10:38,74360003,ENP,WMD,WMD,2,WMD,PD,NO,,,,0.17,,0,,0,0,0,MON,3,"slight overcast, recent burn in vicinity - about 1 week ago",
EVER,TSB,P113673-3,,7/29/2020 13:35,SAMP,G,0.15,m,SW,25,"PHOSPHATE, TOTAL AS P",665,SM4500PF,8/4/2020 13:00,0.004,0.004,+/- 0.002,0.002,0.004,0.002,mg/L,,,7/30/2020 10:26,74365003,ENP,WMD,WMD,2,WMD,PD,NO,,,,0.52,,0,,0,0,0,MON,3,2L,
EVER,TSB,P117927-3,,8/12/2020 13:01,SAMP,G,0.19,m,SW,25,"PHOSPHATE, TOTAL AS P",665,SM4500PF,8/19/2020 17:40,0.003,0.003,+/- 0.002,0.002,0.004,0.002,mg/L,I,,8/13/2020 13:10,76449003,ENP,WMD,WMD,2,WMD,PD,NO,,,,0.5,,0,,0,0,0,MON,3,2L slight overcast,
EVER,TSB,P117928-3,,9/16/2020 14:40,SAMP,G,0.23,m,SW,25,"PHOSPHATE, TOTAL AS P",665,SM4500PF,9/21/2020 12:15,0.003,0.003,+/- 0.002,0.002,0.004,0.002,mg/L,I,,9/17/2020 11:21,76450003,ENP,WMD,WMD,2,WMD,PD,NO,,,,0.62,,0,,0,0,0,MON,3,2 liter   Sunny,
 ,,,,,,,,,,,,,,,,,,,,,,,,,,,,,,,,,,,,,,,,,,,,,,
